ID,Form_ID,Cognateset_ID,Segment_Slice,Alignment,Source
C-1,F-2037,S-186,,,
C-2,F-1715,S-0,,,
C-3,F-1984,S-379,,,
C-4,F-1985,S-382,,,
C-5,F-1986,S-391,,,
C-6,F-1987,S-329,,,
C-7,F-1988,S-460,,,
C-8,F-1995,S-385,,,
C-9,F-1996,S-246,,,
C-10,F-1997,S-387,,,
C-11,F-1999,S-461,,,
C-12,F-2004,S-389,,,
C-13,F-2005,S-390,,,
C-14,F-2007,S-462,,,
C-15,F-2009,S-221,,,
C-16,F-2010,S-497,,,
C-17,F-2012,S-319,,,
C-18,F-2013,S-37,,,
C-19,F-2017,S-86,,,
C-20,F-2018,S-217,,,
C-21,F-2019,S-365,,,
C-22,F-2022,S-464,,,
C-23,F-2027,S-255,,,
C-24,F-2028,S-132,,,
C-25,F-2029,S-193,,,
C-26,F-2030,S-465,,,
C-27,F-2036,S-521,,,
C-28,F-2038,S-363,,,
C-29,F-2039,S-273,,,
C-30,F-2040,S-413,,,
C-31,F-2041,S-90,,,
C-32,F-2043,S-466,,,
C-33,F-2052,S-467,,,
C-34,F-2058,S-147,,,
C-35,F-2060,S-162,,,
C-36,F-2061,S-302,,,
C-37,F-2062,S-457,,,
C-38,F-2063,S-136,,,
C-39,F-2070,S-312,,,
C-40,F-2071,S-85,,,
C-41,F-2072,S-110,,,
C-42,F-2073,S-488,,,
C-43,F-2074,S-232,,,
C-44,F-2077,S-9,,,
C-45,F-2080,S-416,,,
C-46,F-2081,S-190,,,
C-47,F-2082,S-469,,,
C-48,F-2088,S-219,,,
C-49,F-2089,S-367,,,
C-50,F-2090,S-8,,,
C-51,F-2091,S-406,,,
C-52,F-2092,S-418,,,
C-53,F-2093,S-419,,,
C-54,F-2094,S-420,,,
C-55,F-2096,S-470,,,
C-56,F-2097,S-471,,,
C-57,F-2100,S-47,,,
C-58,F-2101,S-424,,,
C-59,F-2102,S-123,,,
C-60,F-2103,S-401,,,
C-61,F-2104,S-11,,,
C-62,F-2105,S-237,,,
C-63,F-2107,S-427,,,
C-64,F-2108,S-428,,,
C-65,F-2109,S-384,,,
C-66,F-2110,S-222,,,
C-67,F-2111,S-248,,,
C-68,F-2112,S-35,,,
C-69,F-2114,S-57,,,
C-70,F-2115,S-431,,,
C-71,F-2116,S-434,,,
C-72,F-2117,S-435,,,
C-73,F-2118,S-177,,,
C-74,F-2119,S-319,,,
C-75,F-2121,S-472,,,
C-76,F-2122,S-69,,,
C-77,F-2123,S-360,,,
C-78,F-2124,S-359,,,
C-79,F-2125,S-473,,,
C-80,F-2129,S-337,,,
C-81,F-2130,S-253,,,
C-82,F-2131,S-170,,,
C-83,F-2132,S-474,,,
C-84,F-2137,S-104,,,
C-85,F-2138,S-41,,,
C-86,F-2139,S-447,,,
C-87,F-2140,S-91,,,
C-88,F-2142,S-370,,,
C-89,F-2143,S-225,,,
C-90,F-2144,S-62,,,
C-91,F-2145,S-333,,,
C-92,F-2146,S-450,,,
C-93,F-2147,S-451,,,
C-94,F-2148,S-175,,,
C-95,F-2149,S-475,,,
C-96,F-2150,S-452,,,
C-97,F-2151,S-454,,,
C-98,F-2157,S-40,,,
C-99,F-2158,S-101,,,
C-100,F-2159,S-154,,,
C-101,F-2160,S-7,,,
C-102,F-2161,S-26,,,
C-103,F-2162,S-123,,,
C-104,F-2163,S-458,,,
C-105,F-2164,S-259,,,
C-106,F-2165,S-128,,,
C-107,F-2230,S-386,,,
C-108,F-2350,S-491,,,
C-109,F-2383,S-495,,,
C-110,F-2385,S-496,,,
C-111,F-2403,S-399,,,
C-112,F-2410,S-498,,,
C-113,F-2428,S-501,,,
C-114,F-2432,S-502,,,
C-115,F-2439,S-108,,,
C-116,F-2447,S-504,,,
C-117,F-2452,S-132,,,
C-118,F-2499,S-345,,,
C-119,F-2515,S-517,,,
C-120,F-2517,S-363,,,
C-121,F-2520,S-287,,,
C-122,F-2544,S-520,,,
C-123,F-2554,S-359,,,
C-124,F-2561,S-49,,,
C-125,F-2584,S-224,,,
C-126,F-2593,S-338,,,
C-127,F-2606,S-211,,,
C-128,F-2618,S-432,,,
C-129,F-2637,S-94,,,
C-130,F-2657,S-141,,,
C-131,F-2658,S-141,,,
C-132,F-2673,S-527,,,
C-133,F-2682,S-189,,,
C-134,F-2696,S-171,,,
C-135,F-2699,S-368,,,
C-136,F-2700,S-528,,,
C-137,F-2711,S-198,,,
C-138,F-2721,S-531,,,
C-139,F-2011,S-395,,,
C-140,F-2595,S-297,,,
C-141,F-2316,S-86,,,
C-142,F-2175,S-248,,,
C-143,F-2176,S-258,,,
C-144,F-2179,S-333,,,
C-145,F-2181,S-162,,,
C-146,F-2183,S-90,,,
C-147,F-2185,S-69,,,
C-148,F-2187,S-177,,,
C-149,F-2189,S-465,,,
C-150,F-2192,S-237,,,
C-151,F-2195,S-91,,,
C-152,F-2199,S-479,,,
C-153,F-2204,S-406,,,
C-154,F-2211,S-413,,,
C-155,F-2212,S-190,,,
C-156,F-2219,S-123,,,
C-157,F-2226,S-57,,,
C-158,F-2229,S-386,,,
C-159,F-2233,S-7,,,
C-160,F-2235,S-123,,,
C-161,F-2239,S-219,,,
C-162,F-2242,S-29,,,
C-163,F-2247,S-424,,,
C-164,F-2248,S-253,,,
C-165,F-2254,S-47,,,
C-166,F-2256,S-40,,,
C-167,F-2261,S-217,,,
C-168,F-2264,S-141,,,
C-169,F-2270,S-107,,,
C-170,F-2271,S-125,,,
C-171,F-2272,S-45,,,
C-172,F-2273,S-481,,,
C-173,F-2276,S-60,,,
C-174,F-2278,S-482,,,
C-175,F-2279,S-508,,,
C-176,F-2280,S-112,,,
C-177,F-2282,S-132,,,
C-178,F-2283,S-175,,,
C-179,F-2287,S-473,,,
C-180,F-2288,S-104,,,
C-181,F-2289,S-256,,,
C-182,F-2290,S-435,,,
C-183,F-2291,S-232,,,
C-184,F-2292,S-388,,,
C-185,F-2293,S-483,,,
C-186,F-2295,S-0,,,
C-187,F-2296,S-521,,,
C-188,F-2297,S-110,,,
C-189,F-2298,S-8,,,
C-190,F-2299,S-128,,,
C-191,F-2300,S-59,,,
C-192,F-2307,S-168,,,
C-193,F-2308,S-168,,,
C-194,F-2309,S-323,,,
C-195,F-2310,S-322,,,
C-196,F-2312,S-484,,,
C-197,F-2317,S-46,,,
C-198,F-2318,S-488,,,
C-199,F-2440,S-503,,,
C-200,F-2582,S-524,,,
C-201,F-2705,S-529,,,
C-202,F-2174,S-350,,,
C-203,F-0,S-8,,,
C-204,F-1,S-0,,,
C-205,F-17,S-7,,,
C-206,F-31,S-12,,,
C-207,F-43,S-15,,,
C-208,F-68,S-23,,,
C-209,F-76,S-25,,,
C-210,F-79,S-26,,,
C-211,F-90,S-30,,,
C-212,F-93,S-31,,,
C-213,F-97,S-32,,,
C-214,F-101,S-33,,,
C-215,F-106,S-35,,,
C-216,F-109,S-36,,,
C-217,F-114,S-38,,,
C-218,F-117,S-39,,,
C-219,F-120,S-40,,,
C-220,F-131,S-42,,,
C-221,F-142,S-46,,,
C-222,F-143,S-32,,,
C-223,F-146,S-48,,,
C-224,F-165,S-54,,,
C-225,F-172,S-56,,,
C-226,F-175,S-57,,,
C-227,F-180,S-59,,,
C-228,F-183,S-60,,,
C-229,F-190,S-62,,,
C-230,F-194,S-63,,,
C-231,F-198,S-65,,,
C-232,F-200,S-65,,,
C-233,F-204,S-67,,,
C-234,F-208,S-68,,,
C-235,F-212,S-69,,,
C-236,F-220,S-72,,,
C-237,F-227,S-74,,,
C-238,F-231,S-75,,,
C-239,F-240,S-78,,,
C-240,F-244,S-79,,,
C-241,F-248,S-80,,,
C-242,F-254,S-82,,,
C-243,F-259,S-83,,,
C-244,F-265,S-84,,,
C-245,F-267,S-84,,,
C-246,F-271,S-85,,,
C-247,F-272,S-85,,,
C-248,F-277,S-86,,,
C-249,F-287,S-89,,,
C-250,F-291,S-90,,,
C-251,F-294,S-91,,,
C-252,F-296,S-9,,,
C-253,F-317,S-93,,,
C-254,F-332,S-25,,,
C-255,F-343,S-96,,,
C-256,F-344,S-94,,,
C-257,F-347,S-97,,,
C-258,F-350,S-95,,,
C-259,F-355,S-21,,,
C-260,F-359,S-43,,,
C-261,F-361,S-100,,,
C-262,F-364,S-101,,,
C-263,F-374,S-104,,,
C-264,F-381,S-106,,,
C-265,F-393,S-108,,,
C-266,F-404,S-110,,,
C-267,F-416,S-112,,,
C-268,F-423,S-113,,,
C-269,F-429,S-114,,,
C-270,F-434,S-115,,,
C-271,F-445,S-119,,,
C-272,F-449,S-141,,,
C-273,F-454,S-121,,,
C-274,F-458,S-122,,,
C-275,F-463,S-123,,,
C-276,F-465,S-123,,,
C-277,F-469,S-124,,,
C-278,F-473,S-125,,,
C-279,F-479,S-126,,,
C-280,F-489,S-127,,,
C-281,F-494,S-128,,,
C-282,F-501,S-129,,,
C-283,F-508,S-212,,,
C-284,F-509,S-212,,,
C-285,F-516,S-132,,,
C-286,F-520,S-133,,,
C-287,F-524,S-134,,,
C-288,F-533,S-136,,,
C-289,F-538,S-137,,,
C-290,F-552,S-139,,,
C-291,F-560,S-141,,,
C-292,F-567,S-144,,,
C-293,F-574,S-145,,,
C-294,F-582,S-146,,,
C-295,F-586,S-147,,,
C-296,F-594,S-148,,,
C-297,F-597,S-149,,,
C-298,F-609,S-151,,,
C-299,F-622,S-154,,,
C-300,F-637,S-159,,,
C-301,F-645,S-161,,,
C-302,F-651,S-162,,,
C-303,F-658,S-164,,,
C-304,F-682,S-171,,,
C-305,F-693,S-173,,,
C-306,F-694,S-173,,,
C-307,F-698,S-174,,,
C-308,F-710,S-176,,,
C-309,F-713,S-177,,,
C-310,F-719,S-178,,,
C-311,F-725,S-179,,,
C-312,F-730,S-180,,,
C-313,F-736,S-181,,,
C-314,F-744,S-518,,,
C-315,F-747,S-185,,,
C-316,F-748,S-185,,,
C-317,F-759,S-188,,,
C-318,F-760,S-188,,,
C-319,F-767,S-189,,,
C-320,F-772,S-170,,,
C-321,F-775,S-191,,,
C-322,F-780,S-192,,,
C-323,F-784,S-193,,,
C-324,F-787,S-194,,,
C-325,F-791,S-518,,,
C-326,F-795,S-195,,,
C-327,F-800,S-196,,,
C-328,F-801,S-196,,,
C-329,F-804,S-196,,,
C-330,F-808,S-197,,,
C-331,F-812,S-198,,,
C-332,F-817,S-199,,,
C-333,F-820,S-200,,,
C-334,F-826,S-202,,,
C-335,F-833,S-204,,,
C-336,F-838,S-104,,,
C-337,F-844,S-205,,,
C-338,F-849,S-206,,,
C-339,F-860,S-209,,,
C-340,F-865,S-210,,,
C-341,F-870,S-211,,,
C-342,F-883,S-214,,,
C-343,F-892,S-217,,,
C-344,F-899,S-219,,,
C-345,F-904,S-254,,,
C-346,F-910,S-221,,,
C-347,F-916,S-222,,,
C-348,F-921,S-223,,,
C-349,F-930,S-224,,,
C-350,F-936,S-225,,,
C-351,F-946,S-228,,,
C-352,F-960,S-231,,,
C-353,F-965,S-233,,,
C-354,F-968,S-232,,,
C-355,F-975,S-234,,,
C-356,F-983,S-235,,,
C-357,F-988,S-236,,,
C-358,F-992,S-237,,,
C-359,F-998,S-238,,,
C-360,F-999,S-238,,,
C-361,F-1005,S-239,,,
C-362,F-1013,S-240,,,
C-363,F-1016,S-241,,,
C-364,F-1022,S-242,,,
C-365,F-1028,S-244,,,
C-366,F-1037,S-246,,,
C-367,F-1038,S-246,,,
C-368,F-1042,S-247,,,
C-369,F-1047,S-248,,,
C-370,F-1052,S-249,,,
C-371,F-1062,S-252,,,
C-372,F-1066,S-253,,,
C-373,F-1071,S-254,,,
C-374,F-1078,S-226,,,
C-375,F-1081,S-255,,,
C-376,F-1087,S-256,,,
C-377,F-1095,S-257,,,
C-378,F-1102,S-258,,,
C-379,F-1109,S-259,,,
C-380,F-1119,S-262,,,
C-381,F-1125,S-264,,,
C-382,F-1135,S-265,,,
C-383,F-1136,S-265,,,
C-384,F-1148,S-269,,,
C-385,F-1159,S-271,,,
C-386,F-1160,S-271,,,
C-387,F-1169,S-273,,,
C-388,F-1176,S-528,,,
C-389,F-1178,S-528,,,
C-390,F-1192,S-279,,,
C-391,F-1200,S-281,,,
C-392,F-1205,S-282,,,
C-393,F-1208,S-283,,,
C-394,F-1215,S-285,,,
C-395,F-1223,S-287,,,
C-396,F-1232,S-290,,,
C-397,F-1242,S-292,,,
C-398,F-1249,S-295,,,
C-399,F-1256,S-296,,,
C-400,F-1260,S-296,,,
C-401,F-1264,S-297,,,
C-402,F-1274,S-300,,,
C-403,F-1279,S-301,,,
C-404,F-1290,S-303,,,
C-405,F-1299,S-305,,,
C-406,F-1304,S-488,,,
C-407,F-1323,S-311,,,
C-408,F-1332,S-488,,,
C-409,F-1340,S-315,,,
C-410,F-1349,S-317,,,
C-411,F-1355,S-319,,,
C-412,F-1361,S-320,,,
C-413,F-1368,S-322,,,
C-414,F-1371,S-323,,,
C-415,F-1385,S-326,,,
C-416,F-1388,S-327,,,
C-417,F-1393,S-328,,,
C-418,F-1398,S-329,,,
C-419,F-1404,S-330,,,
C-420,F-1408,S-328,,,
C-421,F-1411,S-331,,,
C-422,F-1418,S-332,,,
C-423,F-1422,S-333,,,
C-424,F-1429,S-334,,,
C-425,F-1435,S-336,,,
C-426,F-1438,S-337,,,
C-427,F-1452,S-343,,,
C-428,F-1458,S-344,,,
C-429,F-1463,S-336,,,
C-430,F-1469,S-346,,,
C-431,F-1477,S-347,,,
C-432,F-1482,S-348,,,
C-433,F-1486,S-349,,,
C-434,F-1489,S-350,,,
C-435,F-1496,S-351,,,
C-436,F-1500,S-352,,,
C-437,F-1509,S-355,,,
C-438,F-1516,S-357,,,
C-439,F-1526,S-359,,,
C-440,F-1529,S-359,,,
C-441,F-1537,S-361,,,
C-442,F-1539,S-362,,,
C-443,F-1545,S-363,,,
C-444,F-1555,S-365,,,
C-445,F-1560,S-366,,,
C-446,F-1565,S-367,,,
C-447,F-1573,S-369,,,
C-448,F-1579,S-370,,,
C-449,F-1587,S-372,,,
C-450,F-1591,S-373,,,
C-451,F-1596,S-374,,,
C-452,F-1600,S-375,,,
C-453,F-1609,S-377,,,
C-454,F-1612,S-378,,,
C-455,F-1616,S-379,,,
C-456,F-1621,S-380,,,
C-457,F-1624,S-382,,,
C-458,F-1629,S-383,,,
C-459,F-1634,S-384,,,
C-460,F-1640,S-385,,,
C-461,F-1645,S-386,,,
C-462,F-1650,S-387,,,
C-463,F-1656,S-389,,,
C-464,F-1661,S-390,,,
C-465,F-1663,S-391,,,
C-466,F-1669,S-392,,,
C-467,F-1674,S-393,,,
C-468,F-1675,S-393,,,
C-469,F-1679,S-394,,,
C-470,F-1682,S-395,,,
C-471,F-1691,S-397,,,
C-472,F-1695,S-398,,,
C-473,F-1700,S-399,,,
C-474,F-1707,S-401,,,
C-475,F-1712,S-402,,,
C-476,F-1720,S-404,,,
C-477,F-1727,S-406,,,
C-478,F-1732,S-407,,,
C-479,F-1736,S-408,,,
C-480,F-1742,S-409,,,
C-481,F-1747,S-411,,,
C-482,F-1755,S-413,,,
C-483,F-1760,S-414,,,
C-484,F-1762,S-415,,,
C-485,F-1767,S-416,,,
C-486,F-1774,S-418,,,
C-487,F-1775,S-419,,,
C-488,F-1783,S-420,,,
C-489,F-1793,S-263,,,
C-490,F-1800,S-87,,,
C-491,F-1802,S-423,,,
C-492,F-1807,S-47,,,
C-493,F-1812,S-424,,,
C-494,F-1816,S-425,,,
C-495,F-1820,S-310,,,
C-496,F-1824,S-426,,,
C-497,F-1827,S-11,,,
C-498,F-1834,S-427,,,
C-499,F-1838,S-428,,,
C-500,F-1842,S-429,,,
C-501,F-1843,S-430,,,
C-502,F-1849,S-431,,,
C-503,F-1853,S-432,,,
C-504,F-1857,S-433,,,
C-505,F-1861,S-434,,,
C-506,F-1863,S-435,,,
C-507,F-1870,S-436,,,
C-508,F-1873,S-437,,,
C-509,F-1874,S-437,,,
C-510,F-1879,S-438,,,
C-511,F-1887,S-440,,,
C-512,F-1889,S-441,,,
C-513,F-1891,S-438,,,
C-514,F-1898,S-443,,,
C-515,F-1905,S-445,,,
C-516,F-1909,S-446,,,
C-517,F-1914,S-41,,,
C-518,F-1919,S-447,,,
C-519,F-1924,S-448,,,
C-520,F-1930,S-450,,,
C-521,F-1935,S-451,,,
C-522,F-1938,S-475,,,
C-523,F-1943,S-452,,,
C-524,F-1950,S-454,,,
C-525,F-1955,S-455,,,
C-526,F-1959,S-457,,,
C-527,F-1966,S-270,,,
C-528,F-1970,S-270,,,
C-529,F-1976,S-458,,,
C-530,F-1980,S-459,,,
C-531,F-1990,S-460,,,
C-532,F-2000,S-461,,,
C-533,F-2015,S-463,,,
C-534,F-2020,S-464,,,
C-535,F-2021,S-464,,,
C-536,F-2031,S-465,,,
C-537,F-2044,S-466,,,
C-538,F-2045,S-466,,,
C-539,F-2055,S-467,,,
C-540,F-2065,S-468,,,
C-541,F-2084,S-469,,,
C-542,F-2098,S-471,,,
C-543,F-2127,S-473,,,
C-544,F-2135,S-474,,,
C-545,F-2170,S-477,,,
C-546,F-2196,S-479,,,
C-547,F-2243,S-29,,,
C-548,F-2274,S-45,,,
C-549,F-2275,S-481,,,
C-550,F-2277,S-482,,,
C-551,F-2311,S-484,,,
C-552,F-2332,S-487,,,
C-553,F-2347,S-491,,,
C-554,F-2363,S-493,,,
C-555,F-2367,S-299,,,
C-556,F-2370,S-258,,,
C-557,F-2380,S-483,,,
C-558,F-2389,S-496,,,
C-559,F-2392,S-262,,,
C-560,F-2408,S-498,,,
C-561,F-2414,S-499,,,
C-562,F-2421,S-500,,,
C-563,F-2424,S-501,,,
C-564,F-2430,S-502,,,
C-565,F-2437,S-358,,,
C-566,F-2443,S-503,,,
C-567,F-2445,S-504,,,
C-568,F-2450,S-505,,,
C-569,F-2463,S-506,,,
C-570,F-2478,S-509,,,
C-571,F-2497,S-513,,,
C-572,F-2500,S-345,,,
C-573,F-2510,S-516,,,
C-574,F-2528,S-518,,,
C-575,F-2534,S-120,,,
C-576,F-2547,S-520,,,
C-577,F-2564,S-523,,,
C-578,F-2579,S-524,,,
C-579,F-2599,S-525,,,
C-580,F-2609,S-250,,,
C-581,F-2639,S-129,,,
C-582,F-2648,S-473,,,
C-583,F-2669,S-527,,,
C-584,F-2689,S-329,,,
C-585,F-2707,S-529,,,
C-586,F-2713,S-530,,,
C-587,F-2723,S-22,,,
C-588,F-2730,S-532,,,
C-589,F-2690,S-329,,,
C-590,F-2640,S-129,,,
C-591,F-752,S-186,,,
C-592,F-1902,S-444,,,
C-593,F-1281,S-301,,,
C-594,F-2364,S-493,,,
C-595,F-2375,S-265,,,
C-596,F-2387,S-496,,,
C-597,F-2413,S-23,,,
C-598,F-1653,S-388,,,
C-599,F-972,S-232,,,
C-600,F-2008,S-462,,,
C-601,F-1754,S-413,,,
C-602,F-754,S-186,,,
C-603,F-1625,S-382,,,
C-604,F-1831,S-427,,,
C-605,F-1007,S-239,,,
C-606,F-1008,S-239,,,
C-607,F-1084,S-255,,,
C-608,F-298,S-0,,,
C-609,F-1928,S-450,,,
C-610,F-1933,S-451,,,
C-611,F-1822,S-426,,,
C-612,F-407,S-110,,,
C-613,F-763,S-188,,,
C-614,F-724,S-179,,,
C-615,F-482,S-126,,,
C-616,F-1706,S-401,,,
C-617,F-2294,S-483,,,
C-618,F-1847,S-431,,,
C-619,F-1685,S-221,,,
C-620,F-1662,S-391,,,
C-621,F-2543,S-520,,,
C-622,F-1781,S-420,,,
C-623,F-932,S-224,,,
C-624,F-655,S-163,,,
C-625,F-2569,S-360,,,
C-626,F-1655,S-389,,,
C-627,F-1952,S-455,,,
C-628,F-1998,S-461,,,
C-629,F-1660,S-390,,,
C-630,F-2079,S-9,,,
C-631,F-1734,S-407,,,
C-632,F-1771,S-418,,,
C-633,F-1687,S-206,,,
C-634,F-1698,S-399,,,
C-635,F-1948,S-454,,,
C-636,F-2325,S-336,,,
C-637,F-1466,S-336,,,
C-638,F-1886,S-440,,,
C-639,F-1925,S-200,,,
C-640,F-1528,S-359,,,
C-641,F-2714,S-530,,,
C-642,F-2718,S-530,,,
C-643,F-1890,S-441,,,
C-644,F-1648,S-387,,,
C-645,F-731,S-180,,,
C-646,F-852,S-396,,,
C-647,F-326,S-32,,,
C-648,F-1099,S-212,,,
C-649,F-1493,S-350,,,
C-650,F-1903,S-445,,,
C-651,F-2322,S-12,,,
C-652,F-1960,S-457,,,
C-653,F-1877,S-138,,,
C-654,F-2594,S-297,,,
C-655,F-1791,S-263,,,
C-656,F-2486,S-511,,,
C-657,F-543,S-137,,,
C-658,F-1818,S-310,,,
C-659,F-527,S-134,,,
C-660,F-1801,S-423,,,
C-661,F-919,S-222,,,
C-662,F-918,S-222,,,
C-663,F-1172,S-273,,,
C-664,F-467,S-123,,,
C-665,F-1390,S-327,,,
C-666,F-395,S-107,,,
C-667,F-1284,S-302,,,
C-668,F-1942,S-452,,,
C-669,F-2473,S-508,,,
C-670,F-440,S-117,,,
C-671,F-2465,S-506,,,
C-672,F-997,S-238,,,
C-673,F-939,S-226,,,
C-674,F-2496,S-513,,,
C-675,F-2374,S-378,,,
C-676,F-2373,S-378,,,
C-677,F-354,S-21,,,
C-678,F-2567,S-523,,,
C-679,F-2376,S-323,,,
C-680,F-1374,S-322,,,
C-681,F-1164,S-271,,,
C-682,F-1395,S-328,,,
C-683,F-1769,S-417,,,
C-684,F-1703,S-400,,,
C-685,F-2423,S-500,,,
C-686,F-1420,S-332,,,
C-687,F-1878,S-438,,,
C-688,F-1892,S-438,,,
C-689,F-232,S-75,,,
C-690,F-1569,S-367,,,
C-691,F-2559,S-49,,,
C-692,F-768,S-189,,,
C-693,F-420,S-112,,,
C-694,F-2335,S-487,,,
C-695,F-2334,S-487,,,
C-696,F-1681,S-395,,,
C-697,F-2455,S-505,,,
C-698,F-1614,S-379,,,
C-699,F-569,S-144,,,
C-700,F-2712,S-154,,,
C-701,F-578,S-145,,,
C-702,F-1575,S-369,,,
C-703,F-2047,S-466,,,
C-704,F-606,S-150,,,
C-705,F-605,S-150,,,
C-706,F-1859,S-434,,,
C-707,F-948,S-228,,,
C-708,F-1897,S-443,,,
C-709,F-2501,S-345,,,
C-710,F-1894,S-437,,,
C-711,F-2644,S-129,,,
C-712,F-2361,S-478,,,
C-713,F-2427,S-501,,,
C-714,F-1358,S-319,,,
C-715,F-1672,S-393,,,
C-716,F-1815,S-425,,,
C-717,F-639,S-159,,,
C-718,F-901,S-219,,,
C-719,F-2064,S-136,,,
C-720,F-536,S-235,,,
C-721,F-632,S-157,,,
C-722,F-894,S-217,,,
C-723,F-1844,S-430,,,
C-724,F-1776,S-419,,,
C-725,F-613,S-71,,,
C-726,F-1637,S-42,,,
C-727,F-2354,S-469,,,
C-728,F-1917,S-447,,,
C-729,F-2382,S-495,,,
C-730,F-2345,S-216,,,
C-731,F-1622,S-381,,,
C-732,F-2672,S-527,,,
C-733,F-1759,S-414,,,
C-734,F-1711,S-402,,,
C-735,F-1758,S-414,,,
C-736,F-2126,S-473,,,
C-737,F-1974,S-458,,,
C-738,F-2433,S-502,,,
C-739,F-1581,S-370,,,
C-740,F-2054,S-467,,,
C-741,F-1895,S-442,,,
C-742,F-1994,S-460,,,
C-743,F-1973,S-26,,,
C-744,F-1956,S-456,,,
C-745,F-2372,S-494,,,
C-746,F-1455,S-343,,,
C-747,F-1728,S-406,,,
C-748,F-1841,S-429,,,
C-749,F-1908,S-446,,,
C-750,F-2504,S-83,,,
C-751,F-1869,S-436,,,
C-752,F-1460,S-344,,,
C-753,F-1061,S-252,,,
C-754,F-2411,S-498,,,
C-755,F-590,S-147,,,
C-756,F-2059,S-147,,,
C-757,F-1592,S-373,,,
C-758,F-1628,S-383,,,
C-759,F-934,S-225,,,
C-760,F-785,S-193,,,
C-761,F-1806,S-47,,,
C-762,F-1811,S-424,,,
C-763,F-1836,S-428,,,
C-764,F-2635,S-94,,,
C-765,F-2046,S-466,,,
C-766,F-452,S-519,,,
C-767,F-2536,S-120,,,
C-768,F-685,S-171,,,
C-769,F-2120,S-472,,,
C-770,F-841,S-104,,,
C-771,F-2664,S-281,,,
C-772,F-1091,S-256,,,
C-773,F-1090,S-256,,,
C-774,F-1069,S-253,,,
C-775,F-1413,S-331,,,
C-776,F-1562,S-366,,,
C-777,F-2352,S-35,,,
C-778,F-2537,S-190,,,
C-779,F-677,S-170,,,
C-780,F-1105,S-258,,,
C-781,F-385,S-40,,,
C-782,F-1852,S-432,,,
C-783,F-2095,S-470,,,
C-784,F-676,S-170,,,
C-785,F-675,S-170,,,
C-786,F-2508,S-515,,,
C-787,F-2509,S-515,,,
C-788,F-1864,S-435,,,
C-789,F-1751,S-412,,,
C-790,F-706,S-475,,,
C-791,F-1854,S-433,,,
C-792,F-2399,S-62,,,
C-793,F-570,S-144,,,
C-794,F-2469,S-507,,,
C-795,F-1619,S-380,,,
C-796,F-750,S-185,,,
C-797,F-1872,S-437,,,
C-798,F-1796,S-422,,,
C-799,F-2719,S-198,,,
C-800,F-1049,S-248,,,
C-801,F-1425,S-333,,,
C-802,F-653,S-162,,,
C-803,F-2353,S-90,,,
C-804,F-302,S-69,,,
C-805,F-716,S-177,,,
C-806,F-2032,S-465,,,
C-807,F-2106,S-237,,,
C-808,F-2678,S-343,,,
C-809,F-647,S-161,,,
C-810,F-1471,S-346,,,
C-811,F-907,S-220,,,
C-812,F-1694,S-398,,,
C-813,F-1979,S-459,,,
C-814,F-2581,S-524,,,
C-815,F-926,S-223,,,
C-816,F-1884,S-439,,,
C-817,F-491,S-127,,,
C-818,F-401,S-109,,,
C-819,F-1761,S-415,,,
C-820,F-2395,S-74,,,
C-821,F-1519,S-357,,,
C-822,F-1922,S-448,,,
C-823,F-1638,S-385,,,
C-824,F-1667,S-392,,,
C-825,F-1329,S-312,,,
C-826,F-349,S-98,,,
C-827,F-1632,S-384,,,
C-828,F-2459,S-368,,,
C-829,F-1602,S-375,,,
C-830,F-1235,S-290,,,
C-831,F-1765,S-416,,,
C-832,F-2301,S-59,,,
C-833,F-867,S-210,,,
C-834,F-1643,S-386,,,
C-835,F-2541,S-246,,,
C-836,F-1163,S-57,,,
C-837,F-1912,S-41,,,
C-838,F-1689,S-397,,,
C-839,F-1828,S-11,,,
C-840,F-2694,S-85,,,
C-841,F-2339,S-489,,,
C-842,F-1177,S-528,,,
C-843,F-498,S-128,,,
C-844,F-1309,S-488,,,
C-845,F-1308,S-488,,,
C-846,F-1111,S-259,,,
C-847,F-1334,S-488,,,
C-848,F-535,S-136,,,
C-849,F-1075,S-93,,,
C-850,F-1076,S-243,,,
C-851,F-1307,S-488,,,
C-852,F-583,S-146,,,
C-853,F-2485,S-247,,,
C-854,F-368,S-101,,,
C-855,F-847,S-521,,,
C-856,F-1400,S-329,,,
C-857,F-1750,S-411,,,
C-858,F-1946,S-453,,,
C-859,F-1967,S-270,,,
C-860,F-2313,S-484,,,
C-861,F-2328,S-365,,,
C-862,F-2479,S-509,,,
C-863,F-2900,S-369,,,
C-864,F-2958,S-351,,,
C-865,F-2837,S-344,,,
C-866,F-2782,S-477,,,
C-867,F-2909,S-230,,,
C-868,F-2841,S-350,,,
C-869,F-2891,S-385,,,
C-870,F-2846,S-219,,,
C-871,F-2905,S-231,,,
C-872,F-2766,S-475,,,
C-873,F-2321,S-315,,,
C-874,F-2740,S-12,,,
C-875,F-2928,S-315,,,
C-876,F-2784,S-387,,,
C-877,F-2326,S-336,,,
C-878,F-2790,S-336,,,
C-879,F-2752,S-7,,,
C-880,F-2863,S-180,,,
C-881,F-2862,S-180,,,
C-882,F-2883,S-365,,,
C-883,F-2811,S-59,,,
C-884,F-2747,S-0,,,
C-885,F-2852,S-71,,,
C-886,F-2944,S-487,,,
C-887,F-2872,S-199,,,
C-888,F-2336,S-122,,,
C-889,F-2829,S-122,,,
C-890,F-2935,S-379,,,
C-891,F-2911,S-438,,,
C-892,F-2341,S-489,,,
C-893,F-2840,S-352,,,
C-894,F-2910,S-489,,,
C-895,F-2773,S-413,,,
C-896,F-2765,S-468,,,
C-897,F-2951,S-217,,,
C-898,F-2751,S-35,,,
C-899,F-2779,S-90,,,
C-900,F-2754,S-9,,,
C-901,F-2814,S-75,,,
C-902,F-2806,S-434,,,
C-903,F-2897,S-469,,,
C-904,F-2787,S-388,,,
C-905,F-2788,S-426,,,
C-906,F-2357,S-206,,,
C-907,F-2781,S-478,,,
C-908,F-2783,S-492,,,
C-909,F-2758,S-493,,,
C-910,F-2833,S-133,,,
C-911,F-2898,S-451,,,
C-912,F-2919,S-299,,,
C-913,F-2913,S-258,,,
C-914,F-2789,S-494,,,
C-915,F-2749,S-21,,,
C-916,F-2949,S-378,,,
C-917,F-2757,S-265,,,
C-918,F-2776,S-91,,,
C-919,F-2772,S-323,,,
C-920,F-2929,S-322,,,
C-921,F-2896,S-359,,,
C-922,F-2874,S-483,,,
C-923,F-485,S-126,,,
C-924,F-2947,S-126,,,
C-925,F-2808,S-40,,,
C-926,F-2750,S-495,,,
C-927,F-2743,S-31,,,
C-928,F-2853,S-496,,,
C-929,F-2930,S-327,,,
C-930,F-2830,S-212,,,
C-931,F-2945,S-262,,,
C-932,F-2812,S-74,,,
C-933,F-2932,S-411,,,
C-934,F-2849,S-150,,,
C-935,F-2889,S-62,,,
C-936,F-2885,S-238,,,
C-937,F-2907,S-253,,,
C-938,F-2941,S-399,,,
C-939,F-2737,S-498,,,
C-940,F-2744,S-23,,,
C-941,F-2828,S-117,,,
C-942,F-2854,S-499,,,
C-943,F-2922,S-406,,,
C-944,F-2946,S-112,,,
C-945,F-2753,S-37,,,
C-946,F-2895,S-358,,,
C-947,F-2763,S-500,,,
C-948,F-2738,S-501,,,
C-949,F-2815,S-502,,,
C-950,F-2931,S-328,,,
C-951,F-2768,S-108,,,
C-952,F-2952,S-503,,,
C-953,F-2882,S-504,,,
C-954,F-2912,S-397,,,
C-955,F-2820,S-505,,,
C-956,F-2899,S-179,,,
C-957,F-2867,S-420,,,
C-958,F-2774,S-428,,,
C-959,F-2770,S-79,,,
C-960,F-2901,S-368,,,
C-961,F-2755,S-506,,,
C-962,F-2878,S-214,,,
C-963,F-2813,S-67,,,
C-964,F-2873,S-507,,,
C-965,F-2908,S-459,,,
C-966,F-2866,S-508,,,
C-967,F-2834,S-509,,,
C-968,F-2825,S-465,,,
C-969,F-2741,S-491,,,
C-970,F-2877,S-216,,,
C-971,F-2903,S-306,,,
C-972,F-2904,S-510,,,
C-973,F-2925,S-488,,,
C-974,F-2739,S-8,,,
C-975,F-2764,S-511,,,
C-976,F-2954,S-247,,,
C-977,F-2923,S-302,,,
C-978,F-2938,S-254,,,
C-979,F-2827,S-424,,,
C-980,F-2761,S-513,,,
C-981,F-2894,S-450,,,
C-982,F-2839,S-345,,,
C-983,F-2921,S-514,,,
C-984,F-2886,S-515,,,
C-985,F-2916,S-435,,,
C-986,F-2771,S-517,,,
C-987,F-2881,S-363,,,
C-988,F-2780,S-416,,,
C-989,F-2939,S-256,,,
C-990,F-2807,S-110,,,
C-991,F-2851,S-367,,,
C-992,F-2847,S-147,,,
C-993,F-2884,S-457,,,
C-994,F-2871,S-518,,,
C-995,F-2791,S-123,,,
C-996,F-2805,S-120,,,
C-997,F-2870,S-190,,,
C-998,F-2855,S-160,,,
C-999,F-2748,S-42,,,
C-1000,F-2940,S-467,,,
C-1001,F-2775,S-86,,,
C-1002,F-2797,S-136,,,
C-1003,F-2865,S-235,,,
C-1004,F-2835,S-237,,,
C-1005,F-2736,S-427,,,
C-1006,F-2943,S-246,,,
C-1007,F-2804,S-310,,,
C-1008,F-2778,S-87,,,
C-1009,F-2819,S-520,,,
C-1010,F-2746,S-101,,,
C-1011,F-2745,S-101,,,
C-1012,F-2794,S-11,,,
C-1013,F-2880,S-366,,,
C-1014,F-2734,S-220,,,
C-1015,F-2861,S-516,,,
C-1016,F-2957,S-205,,,
C-1017,F-2817,S-193,,,
C-1018,F-2842,S-460,,,
C-1019,F-2920,S-401,,,
C-1020,F-2937,S-255,,,
C-1021,F-2858,S-389,,,
C-1022,F-2845,S-522,,,
C-1023,F-2869,S-195,,,
C-1024,F-2892,S-49,,,
C-1025,F-2762,S-523,,,
C-1026,F-2887,S-360,,,
C-1027,F-2756,S-273,,,
C-1028,F-2824,S-137,,,
C-1029,F-2888,S-375,,,
C-1030,F-2801,S-98,,,
C-1031,F-2915,S-524,,,
C-1032,F-2914,S-224,,,
C-1033,F-2868,S-170,,,
C-1034,F-2793,S-422,,,
C-1035,F-2906,S-239,,,
C-1036,F-2843,S-338,,,
C-1037,F-2917,S-297,,,
C-1038,F-2831,S-525,,,
C-1039,F-2800,S-95,,,
C-1040,F-2857,S-162,,,
C-1041,F-2876,S-211,,,
C-1042,F-2879,S-211,,,
C-1043,F-2890,S-355,,,
C-1044,F-2953,S-250,,,
C-1045,F-2821,S-194,,,
C-1046,F-2836,S-432,,,
C-1047,F-2810,S-57,,,
C-1048,F-2936,S-461,,,
C-1049,F-2823,S-109,,,
C-1050,F-2735,S-139,,,
C-1051,F-2918,S-464,,,
C-1052,F-2802,S-391,,,
C-1053,F-2902,S-221,,,
C-1054,F-2733,S-94,,,
C-1055,F-2926,S-129,,,
C-1056,F-2859,S-177,,,
C-1057,F-2850,S-473,,,
C-1058,F-2956,S-526,,,
C-1059,F-2816,S-69,,,
C-1060,F-476,S-125,,,
C-1061,F-475,S-125,,,
C-1062,F-2792,S-124,,,
C-1063,F-2856,S-125,,,
C-1064,F-2795,S-225,,,
C-1065,F-2796,S-104,,,
C-1066,F-2948,S-141,,,
C-1067,F-2760,S-281,,,
C-1068,F-2832,S-527,,,
C-1069,F-2818,S-393,,,
C-1070,F-2942,S-232,,,
C-1071,F-2838,S-343,,,
C-1072,F-2933,S-333,,,
C-1073,F-2822,S-128,,,
C-1074,F-2767,S-419,,,
C-1075,F-2950,S-248,,,
C-1076,F-2803,S-454,,,
C-1077,F-2927,S-319,,,
C-1078,F-2924,S-301,,,
C-1079,F-2969,S-168,,,
C-1080,F-2934,S-329,,,
C-1081,F-2955,S-458,,,
C-1082,F-2844,S-171,,,
C-1083,F-2864,S-47,,,
C-1084,F-2759,S-274,,,
C-1085,F-2785,S-528,,,
C-1086,F-2860,S-186,,,
C-1087,F-2742,S-46,,,
C-1088,F-2893,S-357,,,
C-1089,F-2875,S-484,,,
C-1090,F-2826,S-259,,,
C-1091,F-2769,S-287,,,
C-1092,F-2518,S-363,,,
C-1093,F-2777,S-83,,,
C-1094,F-2786,S-210,,,
C-1095,F-2798,S-93,,,
C-1096,F-2799,S-529,,,
C-1097,F-2809,S-106,,,
C-1098,F-2848,S-521,,,
C-1099,F-2550,S-520,,,
C-1100,F-2216,S-170,,,
C-1101,F-2221,S-327,,,
C-1102,F-2237,S-310,,,
C-1103,F-2245,S-166,,,
C-1104,F-2250,S-488,,,
C-1105,F-2252,S-488,,,
C-1106,F-2267,S-319,,,
C-1107,F-2269,S-35,,,
C-1108,F-2177,S-248,,,
C-1109,F-2178,S-333,,,
C-1110,F-2180,S-162,,,
C-1111,F-2182,S-90,,,
C-1112,F-2184,S-69,,,
C-1113,F-2186,S-177,,,
C-1114,F-2188,S-465,,,
C-1115,F-2190,S-237,,,
C-1116,F-2194,S-91,,,
C-1117,F-2198,S-479,,,
C-1118,F-2208,S-480,,,
C-1119,F-2210,S-413,,,
C-1120,F-2213,S-190,,,
C-1121,F-2215,S-170,,,
C-1122,F-2217,S-117,,,
C-1123,F-2222,S-327,,,
C-1124,F-2224,S-85,,,
C-1125,F-2225,S-57,,,
C-1126,F-2228,S-386,,,
C-1127,F-2232,S-7,,,
C-1128,F-2236,S-310,,,
C-1129,F-2238,S-485,,,
C-1130,F-2240,S-0,,,
C-1131,F-2241,S-29,,,
C-1132,F-2244,S-166,,,
C-1133,F-2246,S-424,,,
C-1134,F-2249,S-253,,,
C-1135,F-2251,S-510,,,
C-1136,F-2253,S-306,,,
C-1137,F-2255,S-40,,,
C-1138,F-2258,S-232,,,
C-1139,F-2260,S-217,,,
C-1140,F-2262,S-137,,,
C-1141,F-2263,S-519,,,
C-1142,F-2266,S-319,,,
C-1143,F-2268,S-35,,,
C-1144,F-1599,S-375,,,
C-1145,F-611,S-71,,,
C-1146,F-619,S-153,,,
C-1147,F-1723,S-405,,,
C-1148,F-1881,S-438,,,
C-1149,F-2202,S-479,,,
C-1150,F-2087,S-469,,,
C-1151,F-612,S-71,,,
C-1152,F-1915,S-41,,,
C-1153,F-2002,S-461,,,
C-1154,F-2203,S-479,,,
C-1155,F-1354,S-319,,,
C-1156,F-433,S-115,,,
C-1157,F-704,S-175,,,
C-1158,F-928,S-224,,,
C-1159,F-982,S-235,,,
C-1160,F-2,S-0,,,
C-1161,F-21,S-8,,,
C-1162,F-24,S-9,,,
C-1163,F-74,S-25,,,
C-1164,F-78,S-26,,,
C-1165,F-112,S-37,,,
C-1166,F-134,S-43,,,
C-1167,F-211,S-69,,,
C-1168,F-217,S-71,,,
C-1169,F-263,S-84,,,
C-1170,F-337,S-95,,,
C-1171,F-339,S-96,,,
C-1172,F-346,S-95,,,
C-1173,F-370,S-102,,,
C-1174,F-372,S-103,,,
C-1175,F-382,S-106,,,
C-1176,F-389,S-358,,,
C-1177,F-426,S-113,,,
C-1178,F-430,S-114,,,
C-1179,F-437,S-116,,,
C-1180,F-442,S-118,,,
C-1181,F-444,S-119,,,
C-1182,F-450,S-141,,,
C-1183,F-460,S-122,,,
C-1184,F-481,S-126,,,
C-1185,F-490,S-127,,,
C-1186,F-499,S-128,,,
C-1187,F-515,S-132,,,
C-1188,F-519,S-133,,,
C-1189,F-526,S-134,,,
C-1190,F-540,S-137,,,
C-1191,F-546,S-123,,,
C-1192,F-547,S-117,,,
C-1193,F-558,S-141,,,
C-1194,F-566,S-144,,,
C-1195,F-577,S-145,,,
C-1196,F-580,S-146,,,
C-1197,F-588,S-147,,,
C-1198,F-592,S-148,,,
C-1199,F-599,S-149,,,
C-1200,F-601,S-150,,,
C-1201,F-615,S-152,,,
C-1202,F-618,S-153,,,
C-1203,F-627,S-156,,,
C-1204,F-629,S-157,,,
C-1205,F-638,S-159,,,
C-1206,F-642,S-160,,,
C-1207,F-646,S-161,,,
C-1208,F-649,S-162,,,
C-1209,F-667,S-167,,,
C-1210,F-669,S-168,,,
C-1211,F-673,S-170,,,
C-1212,F-674,S-170,,,
C-1213,F-680,S-171,,,
C-1214,F-681,S-171,,,
C-1215,F-695,S-173,,,
C-1216,F-699,S-174,,,
C-1217,F-708,S-176,,,
C-1218,F-720,S-178,,,
C-1219,F-722,S-179,,,
C-1220,F-728,S-180,,,
C-1221,F-733,S-181,,,
C-1222,F-737,S-182,,,
C-1223,F-742,S-518,,,
C-1224,F-746,S-185,,,
C-1225,F-755,S-186,,,
C-1226,F-765,S-189,,,
C-1227,F-776,S-191,,,
C-1228,F-778,S-192,,,
C-1229,F-783,S-193,,,
C-1230,F-789,S-194,,,
C-1231,F-793,S-195,,,
C-1232,F-802,S-196,,,
C-1233,F-807,S-197,,,
C-1234,F-811,S-198,,,
C-1235,F-816,S-199,,,
C-1236,F-822,S-200,,,
C-1237,F-824,S-201,,,
C-1238,F-827,S-202,,,
C-1239,F-832,S-204,,,
C-1240,F-837,S-104,,,
C-1241,F-843,S-205,,,
C-1242,F-851,S-206,,,
C-1243,F-855,S-207,,,
C-1244,F-857,S-208,,,
C-1245,F-859,S-209,,,
C-1246,F-871,S-211,,,
C-1247,F-876,S-212,,,
C-1248,F-877,S-106,,,
C-1249,F-880,S-213,,,
C-1250,F-885,S-214,,,
C-1251,F-891,S-216,,,
C-1252,F-898,S-485,,,
C-1253,F-903,S-220,,,
C-1254,F-909,S-221,,,
C-1255,F-915,S-222,,,
C-1256,F-922,S-223,,,
C-1257,F-938,S-226,,,
C-1258,F-940,S-227,,,
C-1259,F-943,S-154,,,
C-1260,F-945,S-228,,,
C-1261,F-951,S-229,,,
C-1262,F-959,S-231,,,
C-1263,F-970,S-233,,,
C-1264,F-971,S-232,,,
C-1265,F-974,S-234,,,
C-1266,F-987,S-236,,,
C-1267,F-990,S-40,,,
C-1268,F-994,S-237,,,
C-1269,F-996,S-238,,,
C-1270,F-1004,S-239,,,
C-1271,F-1010,S-101,,,
C-1272,F-1017,S-241,,,
C-1273,F-1024,S-243,,,
C-1274,F-1026,S-244,,,
C-1275,F-1031,S-245,,,
C-1276,F-1034,S-246,,,
C-1277,F-1041,S-247,,,
C-1278,F-1045,S-248,,,
C-1279,F-1051,S-249,,,
C-1280,F-1055,S-250,,,
C-1281,F-1058,S-251,,,
C-1282,F-1060,S-252,,,
C-1283,F-1065,S-253,,,
C-1284,F-1073,S-254,,,
C-1285,F-1080,S-255,,,
C-1286,F-1086,S-256,,,
C-1287,F-1093,S-257,,,
C-1288,F-1097,S-497,,,
C-1289,F-1101,S-258,,,
C-1290,F-1107,S-259,,,
C-1291,F-1113,S-260,,,
C-1292,F-1116,S-261,,,
C-1293,F-1120,S-262,,,
C-1294,F-1122,S-263,,,
C-1295,F-1127,S-264,,,
C-1296,F-1132,S-265,,,
C-1297,F-1133,S-265,,,
C-1298,F-1139,S-266,,,
C-1299,F-1153,S-270,,,
C-1300,F-1158,S-271,,,
C-1301,F-1168,S-273,,,
C-1302,F-1174,S-274,,,
C-1303,F-1182,S-275,,,
C-1304,F-1199,S-281,,,
C-1305,F-1207,S-283,,,
C-1306,F-1211,S-284,,,
C-1307,F-1219,S-286,,,
C-1308,F-1225,S-287,,,
C-1309,F-1227,S-288,,,
C-1310,F-1231,S-290,,,
C-1311,F-1240,S-292,,,
C-1312,F-1252,S-295,,,
C-1313,F-1255,S-296,,,
C-1314,F-1259,S-296,,,
C-1315,F-1263,S-297,,,
C-1316,F-1271,S-299,,,
C-1317,F-1273,S-300,,,
C-1318,F-1293,S-304,,,
C-1319,F-1300,S-305,,,
C-1320,F-1301,S-305,,,
C-1321,F-1303,S-488,,,
C-1322,F-1311,S-307,,,
C-1323,F-1317,S-309,,,
C-1324,F-1320,S-310,,,
C-1325,F-1327,S-312,,,
C-1326,F-1331,S-488,,,
C-1327,F-1339,S-315,,,
C-1328,F-1364,S-321,,,
C-1329,F-1372,S-323,,,
C-1330,F-1373,S-322,,,
C-1331,F-1379,S-324,,,
C-1332,F-1383,S-326,,,
C-1333,F-1387,S-327,,,
C-1334,F-1392,S-328,,,
C-1335,F-1397,S-329,,,
C-1336,F-1403,S-330,,,
C-1337,F-1410,S-331,,,
C-1338,F-1419,S-332,,,
C-1339,F-1424,S-333,,,
C-1340,F-1443,S-337,,,
C-1341,F-1448,S-341,,,
C-1342,F-1453,S-343,,,
C-1343,F-1457,S-344,,,
C-1344,F-1462,S-345,,,
C-1345,F-1468,S-346,,,
C-1346,F-1475,S-347,,,
C-1347,F-1484,S-348,,,
C-1348,F-1491,S-350,,,
C-1349,F-1495,S-351,,,
C-1350,F-1501,S-352,,,
C-1351,F-1504,S-353,,,
C-1352,F-1506,S-354,,,
C-1353,F-1508,S-355,,,
C-1354,F-1515,S-357,,,
C-1355,F-1521,S-358,,,
C-1356,F-1524,S-359,,,
C-1357,F-1531,S-359,,,
C-1358,F-1533,S-360,,,
C-1359,F-1535,S-361,,,
C-1360,F-1540,S-362,,,
C-1361,F-1543,S-363,,,
C-1362,F-1553,S-365,,,
C-1363,F-1564,S-515,,,
C-1364,F-1571,S-368,,,
C-1365,F-1578,S-370,,,
C-1366,F-1585,S-372,,,
C-1367,F-1595,S-374,,,
C-1368,F-1604,S-376,,,
C-1369,F-1607,S-7,,,
C-1370,F-1618,S-379,,,
C-1371,F-1626,S-382,,,
C-1372,F-1631,S-383,,,
C-1373,F-1642,S-385,,,
C-1374,F-1647,S-386,,,
C-1375,F-1652,S-387,,,
C-1376,F-1659,S-389,,,
C-1377,F-1671,S-392,,,
C-1378,F-1677,S-393,,,
C-1379,F-1684,S-395,,,
C-1380,F-1693,S-397,,,
C-1381,F-1697,S-398,,,
C-1382,F-1702,S-399,,,
C-1383,F-1709,S-401,,,
C-1384,F-1714,S-402,,,
C-1385,F-1721,S-404,,,
C-1386,F-1726,S-406,,,
C-1387,F-1731,S-407,,,
C-1388,F-1738,S-408,,,
C-1389,F-1740,S-409,,,
C-1390,F-1744,S-410,,,
C-1391,F-1746,S-411,,,
C-1392,F-1757,S-413,,,
C-1393,F-1780,S-419,,,
C-1394,F-1785,S-420,,,
C-1395,F-1798,S-87,,,
C-1396,F-1799,S-87,,,
C-1397,F-1809,S-47,,,
C-1398,F-1814,S-424,,,
C-1399,F-1826,S-426,,,
C-1400,F-1830,S-11,,,
C-1401,F-1833,S-427,,,
C-1402,F-1840,S-428,,,
C-1403,F-1846,S-430,,,
C-1404,F-1851,S-431,,,
C-1405,F-1858,S-433,,,
C-1406,F-1867,S-435,,,
C-1407,F-1876,S-437,,,
C-1408,F-1883,S-438,,,
C-1409,F-1888,S-440,,,
C-1410,F-1900,S-443,,,
C-1411,F-1907,S-445,,,
C-1412,F-1911,S-446,,,
C-1413,F-1916,S-41,,,
C-1414,F-1921,S-447,,,
C-1415,F-1932,S-450,,,
C-1416,F-1937,S-451,,,
C-1417,F-1945,S-452,,,
C-1418,F-1951,S-454,,,
C-1419,F-1954,S-455,,,
C-1420,F-1958,S-457,,,
C-1421,F-1965,S-400,,,
C-1422,F-1978,S-458,,,
C-1423,F-1992,S-460,,,
C-1424,F-2003,S-461,,,
C-1425,F-2025,S-464,,,
C-1426,F-2034,S-465,,,
C-1427,F-2042,S-90,,,
C-1428,F-2050,S-466,,,
C-1429,F-2051,S-466,,,
C-1430,F-2057,S-467,,,
C-1431,F-2067,S-468,,,
C-1432,F-2086,S-469,,,
C-1433,F-2136,S-474,,,
C-1434,F-2141,S-91,,,
C-1435,F-2201,S-479,,,
C-1436,F-1157,S-271,,,
C-1437,F-1362,S-320,,,
C-1438,F-1803,S-423,,,
C-1439,F-1428,S-334,,,
C-1440,F-470,S-124,,,
C-1441,F-2416,S-499,,,
C-1442,F-2466,S-506,,,
C-1443,F-2695,S-171,,,
C-1444,F-2337,S-438,,,
C-1445,F-2342,S-235,,,
C-1446,F-2343,S-235,,,
C-1447,F-2355,S-388,,,
C-1448,F-2358,S-492,,,
C-1449,F-711,S-177,,,
C-1450,F-2172,S-478,,,
C-1451,F-3,S-0,,,
C-1452,F-7,S-2,,,
C-1453,F-10,S-3,,,
C-1454,F-12,S-4,,,
C-1455,F-13,S-5,,,
C-1456,F-16,S-258,,,
C-1457,F-18,S-7,,,
C-1458,F-22,S-8,,,
C-1459,F-27,S-10,,,
C-1460,F-29,S-11,,,
C-1461,F-33,S-12,,,
C-1462,F-41,S-14,,,
C-1463,F-45,S-15,,,
C-1464,F-48,S-16,,,
C-1465,F-52,S-17,,,
C-1466,F-56,S-18,,,
C-1467,F-58,S-19,,,
C-1468,F-60,S-20,,,
C-1469,F-62,S-21,,,
C-1470,F-64,S-22,,,
C-1471,F-66,S-23,,,
C-1472,F-70,S-35,,,
C-1473,F-72,S-25,,,
C-1474,F-73,S-25,,,
C-1475,F-77,S-26,,,
C-1476,F-83,S-28,,,
C-1477,F-85,S-29,,,
C-1478,F-87,S-30,,,
C-1479,F-91,S-31,,,
C-1480,F-95,S-32,,,
C-1481,F-98,S-33,,,
C-1482,F-104,S-35,,,
C-1483,F-107,S-36,,,
C-1484,F-111,S-37,,,
C-1485,F-113,S-38,,,
C-1486,F-116,S-39,,,
C-1487,F-118,S-40,,,
C-1488,F-119,S-40,,,
C-1489,F-124,S-40,,,
C-1490,F-125,S-41,,,
C-1491,F-129,S-42,,,
C-1492,F-133,S-43,,,
C-1493,F-135,S-44,,,
C-1494,F-138,S-45,,,
C-1495,F-140,S-46,,,
C-1496,F-144,S-47,,,
C-1497,F-147,S-48,,,
C-1498,F-150,S-49,,,
C-1499,F-152,S-50,,,
C-1500,F-154,S-51,,,
C-1501,F-158,S-52,,,
C-1502,F-160,S-53,,,
C-1503,F-163,S-54,,,
C-1504,F-166,S-55,,,
C-1505,F-173,S-57,,,
C-1506,F-176,S-58,,,
C-1507,F-178,S-59,,,
C-1508,F-182,S-60,,,
C-1509,F-186,S-61,,,
C-1510,F-188,S-62,,,
C-1511,F-192,S-63,,,
C-1512,F-195,S-64,,,
C-1513,F-197,S-65,,,
C-1514,F-203,S-67,,,
C-1515,F-206,S-68,,,
C-1516,F-210,S-69,,,
C-1517,F-216,S-71,,,
C-1518,F-218,S-72,,,
C-1519,F-222,S-73,,,
C-1520,F-224,S-74,,,
C-1521,F-228,S-75,,,
C-1522,F-233,S-76,,,
C-1523,F-236,S-77,,,
C-1524,F-238,S-78,,,
C-1525,F-242,S-79,,,
C-1526,F-246,S-80,,,
C-1527,F-250,S-81,,,
C-1528,F-252,S-82,,,
C-1529,F-256,S-83,,,
C-1530,F-261,S-84,,,
C-1531,F-266,S-84,,,
C-1532,F-269,S-428,,,
C-1533,F-270,S-85,,,
C-1534,F-274,S-86,,,
C-1535,F-279,S-87,,,
C-1536,F-283,S-87,,,
C-1537,F-285,S-87,,,
C-1538,F-286,S-89,,,
C-1539,F-290,S-90,,,
C-1540,F-293,S-91,,,
C-1541,F-310,S-93,,,
C-1542,F-311,S-93,,,
C-1543,F-313,S-93,,,
C-1544,F-334,S-94,,,
C-1545,F-336,S-95,,,
C-1546,F-338,S-96,,,
C-1547,F-341,S-97,,,
C-1548,F-348,S-98,,,
C-1549,F-352,S-99,,,
C-1550,F-360,S-100,,,
C-1551,F-363,S-101,,,
C-1552,F-369,S-102,,,
C-1553,F-371,S-103,,,
C-1554,F-373,S-104,,,
C-1555,F-377,S-105,,,
C-1556,F-379,S-106,,,
C-1557,F-388,S-358,,,
C-1558,F-396,S-95,,,
C-1559,F-398,S-109,,,
C-1560,F-399,S-109,,,
C-1561,F-403,S-110,,,
C-1562,F-415,S-112,,,
C-1563,F-421,S-113,,,
C-1564,F-427,S-113,,,
C-1565,F-428,S-114,,,
C-1566,F-432,S-115,,,
C-1567,F-436,S-116,,,
C-1568,F-438,S-117,,,
C-1569,F-441,S-118,,,
C-1570,F-443,S-119,,,
C-1571,F-447,S-141,,,
C-1572,F-453,S-121,,,
C-1573,F-457,S-122,,,
C-1574,F-462,S-123,,,
C-1575,F-468,S-124,,,
C-1576,F-478,S-126,,,
C-1577,F-486,S-127,,,
C-1578,F-487,S-127,,,
C-1579,F-493,S-128,,,
C-1580,F-500,S-129,,,
C-1581,F-503,S-212,,,
C-1582,F-504,S-212,,,
C-1583,F-511,S-131,,,
C-1584,F-513,S-132,,,
C-1585,F-518,S-133,,,
C-1586,F-523,S-134,,,
C-1587,F-529,S-135,,,
C-1588,F-537,S-137,,,
C-1589,F-544,S-117,,,
C-1590,F-545,S-123,,,
C-1591,F-548,S-117,,,
C-1592,F-549,S-138,,,
C-1593,F-551,S-139,,,
C-1594,F-556,S-422,,,
C-1595,F-557,S-141,,,
C-1596,F-561,S-142,,,
C-1597,F-572,S-145,,,
C-1598,F-573,S-145,,,
C-1599,F-579,S-146,,,
C-1600,F-584,S-147,,,
C-1601,F-587,S-147,,,
C-1602,F-591,S-148,,,
C-1603,F-598,S-149,,,
C-1604,F-600,S-150,,,
C-1605,F-607,S-151,,,
C-1606,F-610,S-71,,,
C-1607,F-614,S-152,,,
C-1608,F-617,S-153,,,
C-1609,F-621,S-154,,,
C-1610,F-624,S-155,,,
C-1611,F-626,S-156,,,
C-1612,F-628,S-157,,,
C-1613,F-633,S-158,,,
C-1614,F-635,S-159,,,
C-1615,F-640,S-160,,,
C-1616,F-641,S-145,,,
C-1617,F-643,S-161,,,
C-1618,F-648,S-162,,,
C-1619,F-654,S-163,,,
C-1620,F-656,S-164,,,
C-1621,F-659,S-165,,,
C-1622,F-662,S-166,,,
C-1623,F-665,S-167,,,
C-1624,F-668,S-168,,,
C-1625,F-670,S-169,,,
C-1626,F-672,S-170,,,
C-1627,F-679,S-171,,,
C-1628,F-684,S-171,,,
C-1629,F-690,S-173,,,
C-1630,F-696,S-174,,,
C-1631,F-700,S-174,,,
C-1632,F-702,S-174,,,
C-1633,F-703,S-175,,,
C-1634,F-707,S-176,,,
C-1635,F-717,S-178,,,
C-1636,F-721,S-179,,,
C-1637,F-727,S-180,,,
C-1638,F-732,S-181,,,
C-1639,F-734,S-182,,,
C-1640,F-738,S-170,,,
C-1641,F-745,S-185,,,
C-1642,F-751,S-186,,,
C-1643,F-756,S-187,,,
C-1644,F-758,S-188,,,
C-1645,F-764,S-189,,,
C-1646,F-770,S-190,,,
C-1647,F-774,S-191,,,
C-1648,F-777,S-192,,,
C-1649,F-782,S-193,,,
C-1650,F-786,S-194,,,
C-1651,F-790,S-518,,,
C-1652,F-792,S-195,,,
C-1653,F-797,S-196,,,
C-1654,F-803,S-196,,,
C-1655,F-806,S-197,,,
C-1656,F-810,S-198,,,
C-1657,F-815,S-199,,,
C-1658,F-819,S-200,,,
C-1659,F-823,S-201,,,
C-1660,F-825,S-202,,,
C-1661,F-829,S-203,,,
C-1662,F-831,S-204,,,
C-1663,F-836,S-104,,,
C-1664,F-842,S-205,,,
C-1665,F-848,S-206,,,
C-1666,F-854,S-207,,,
C-1667,F-856,S-208,,,
C-1668,F-858,S-209,,,
C-1669,F-863,S-210,,,
C-1670,F-864,S-210,,,
C-1671,F-868,S-211,,,
C-1672,F-878,S-106,,,
C-1673,F-879,S-213,,,
C-1674,F-881,S-138,,,
C-1675,F-882,S-214,,,
C-1676,F-888,S-215,,,
C-1677,F-890,S-216,,,
C-1678,F-895,S-218,,,
C-1679,F-897,S-485,,,
C-1680,F-902,S-220,,,
C-1681,F-908,S-221,,,
C-1682,F-914,S-222,,,
C-1683,F-920,S-223,,,
C-1684,F-927,S-224,,,
C-1685,F-933,S-225,,,
C-1686,F-937,S-226,,,
C-1687,F-941,S-227,,,
C-1688,F-942,S-154,,,
C-1689,F-944,S-228,,,
C-1690,F-950,S-229,,,
C-1691,F-952,S-230,,,
C-1692,F-958,S-231,,,
C-1693,F-967,S-233,,,
C-1694,F-973,S-234,,,
C-1695,F-978,S-232,,,
C-1696,F-979,S-235,,,
C-1697,F-980,S-235,,,
C-1698,F-985,S-236,,,
C-1699,F-989,S-40,,,
C-1700,F-991,S-237,,,
C-1701,F-995,S-238,,,
C-1702,F-1002,S-239,,,
C-1703,F-1003,S-239,,,
C-1704,F-1009,S-101,,,
C-1705,F-1011,S-240,,,
C-1706,F-1014,S-241,,,
C-1707,F-1021,S-242,,,
C-1708,F-1023,S-243,,,
C-1709,F-1025,S-244,,,
C-1710,F-1029,S-245,,,
C-1711,F-1033,S-246,,,
C-1712,F-1040,S-247,,,
C-1713,F-1044,S-248,,,
C-1714,F-1050,S-249,,,
C-1715,F-1054,S-250,,,
C-1716,F-1056,S-251,,,
C-1717,F-1057,S-251,,,
C-1718,F-1059,S-252,,,
C-1719,F-1064,S-253,,,
C-1720,F-1070,S-254,,,
C-1721,F-1079,S-255,,,
C-1722,F-1085,S-256,,,
C-1723,F-1092,S-257,,,
C-1724,F-1096,S-497,,,
C-1725,F-1100,S-258,,,
C-1726,F-1106,S-259,,,
C-1727,F-1112,S-260,,,
C-1728,F-1115,S-261,,,
C-1729,F-1117,S-262,,,
C-1730,F-1121,S-263,,,
C-1731,F-1129,S-265,,,
C-1732,F-1130,S-265,,,
C-1733,F-1131,S-265,,,
C-1734,F-1138,S-266,,,
C-1735,F-1140,S-267,,,
C-1736,F-1147,S-269,,,
C-1737,F-1152,S-270,,,
C-1738,F-1154,S-270,,,
C-1739,F-1155,S-271,,,
C-1740,F-1156,S-271,,,
C-1741,F-1165,S-272,,,
C-1742,F-1167,S-273,,,
C-1743,F-1173,S-274,,,
C-1744,F-1181,S-275,,,
C-1745,F-1183,S-276,,,
C-1746,F-1185,S-277,,,
C-1747,F-1187,S-278,,,
C-1748,F-1189,S-278,,,
C-1749,F-1190,S-279,,,
C-1750,F-1193,S-280,,,
C-1751,F-1198,S-281,,,
C-1752,F-1202,S-281,,,
C-1753,F-1203,S-282,,,
C-1754,F-1206,S-283,,,
C-1755,F-1210,S-284,,,
C-1756,F-1212,S-285,,,
C-1757,F-1218,S-286,,,
C-1758,F-1222,S-287,,,
C-1759,F-1224,S-287,,,
C-1760,F-1226,S-288,,,
C-1761,F-1228,S-289,,,
C-1762,F-1230,S-290,,,
C-1763,F-1236,S-291,,,
C-1764,F-1238,S-286,,,
C-1765,F-1239,S-292,,,
C-1766,F-1243,S-293,,,
C-1767,F-1245,S-294,,,
C-1768,F-1248,S-295,,,
C-1769,F-1253,S-295,,,
C-1770,F-1254,S-296,,,
C-1771,F-1258,S-296,,,
C-1772,F-1262,S-297,,,
C-1773,F-1266,S-298,,,
C-1774,F-1269,S-298,,,
C-1775,F-1270,S-299,,,
C-1776,F-1272,S-300,,,
C-1777,F-1277,S-301,,,
C-1778,F-1278,S-301,,,
C-1779,F-1282,S-302,,,
C-1780,F-1287,S-303,,,
C-1781,F-1292,S-304,,,
C-1782,F-1296,S-305,,,
C-1783,F-1302,S-488,,,
C-1784,F-1310,S-307,,,
C-1785,F-1314,S-308,,,
C-1786,F-1318,S-309,,,
C-1787,F-1319,S-310,,,
C-1788,F-1321,S-311,,,
C-1789,F-1325,S-312,,,
C-1790,F-1330,S-488,,,
C-1791,F-1336,S-314,,,
C-1792,F-1338,S-315,,,
C-1793,F-1343,S-319,,,
C-1794,F-1346,S-317,,,
C-1795,F-1352,S-318,,,
C-1796,F-1359,S-320,,,
C-1797,F-1363,S-321,,,
C-1798,F-1366,S-322,,,
C-1799,F-1369,S-323,,,
C-1800,F-1377,S-324,,,
C-1801,F-1380,S-325,,,
C-1802,F-1382,S-326,,,
C-1803,F-1386,S-327,,,
C-1804,F-1391,S-328,,,
C-1805,F-1396,S-329,,,
C-1806,F-1402,S-330,,,
C-1807,F-1406,S-319,,,
C-1808,F-1407,S-328,,,
C-1809,F-1409,S-331,,,
C-1810,F-1415,S-330,,,
C-1811,F-1416,S-332,,,
C-1812,F-1421,S-333,,,
C-1813,F-1427,S-334,,,
C-1814,F-1431,S-335,,,
C-1815,F-1436,S-337,,,
C-1816,F-1440,S-338,,,
C-1817,F-1442,S-337,,,
C-1818,F-1444,S-338,,,
C-1819,F-1447,S-341,,,
C-1820,F-1449,S-35,,,
C-1821,F-1451,S-343,,,
C-1822,F-1456,S-344,,,
C-1823,F-1461,S-345,,,
C-1824,F-1467,S-346,,,
C-1825,F-1473,S-59,,,
C-1826,F-1474,S-347,,,
C-1827,F-1481,S-348,,,
C-1828,F-1485,S-349,,,
C-1829,F-1488,S-350,,,
C-1830,F-1494,S-351,,,
C-1831,F-1499,S-352,,,
C-1832,F-1503,S-353,,,
C-1833,F-1505,S-354,,,
C-1834,F-1507,S-355,,,
C-1835,F-1512,S-356,,,
C-1836,F-1514,S-357,,,
C-1837,F-1520,S-358,,,
C-1838,F-1523,S-359,,,
C-1839,F-1532,S-360,,,
C-1840,F-1534,S-361,,,
C-1841,F-1538,S-362,,,
C-1842,F-1542,S-363,,,
C-1843,F-1547,S-364,,,
C-1844,F-1550,S-356,,,
C-1845,F-1551,S-359,,,
C-1846,F-1552,S-365,,,
C-1847,F-1557,S-366,,,
C-1848,F-1563,S-515,,,
C-1849,F-1570,S-368,,,
C-1850,F-1572,S-369,,,
C-1851,F-1577,S-370,,,
C-1852,F-1584,S-372,,,
C-1853,F-1588,S-373,,,
C-1854,F-1594,S-374,,,
C-1855,F-1598,S-375,,,
C-1856,F-1603,S-376,,,
C-1857,F-1606,S-7,,,
C-1858,F-1608,S-377,,,
C-1859,F-1611,S-378,,,
C-1860,F-1716,S-403,,,
C-1861,F-1719,S-404,,,
C-1862,F-1722,S-405,,,
C-1863,F-1724,S-406,,,
C-1864,F-1729,S-407,,,
C-1865,F-1730,S-407,,,
C-1866,F-1735,S-408,,,
C-1867,F-1739,S-409,,,
C-1868,F-1743,S-410,,,
C-1869,F-1745,S-411,,,
C-1870,F-1901,S-444,,,
C-1871,F-1964,S-400,,,
C-1872,F-1989,S-460,,,
C-1873,F-2168,S-477,,,
C-1874,F-2257,S-232,,,
C-1875,F-2304,S-387,,,
C-1876,F-2365,S-133,,,
C-1877,F-2369,S-258,,,
C-1878,F-2394,S-255,,,
C-1879,F-2405,S-498,,,
C-1880,F-2417,S-480,,,
C-1881,F-2426,S-501,,,
C-1882,F-2456,S-428,,,
C-1883,F-2457,S-428,,,
C-1884,F-2460,S-508,,,
C-1885,F-2476,S-509,,,
C-1886,F-2488,S-511,,,
C-1887,F-2507,S-435,,,
C-1888,F-2522,S-457,,,
C-1889,F-2530,S-518,,,
C-1890,F-2531,S-518,,,
C-1891,F-2552,S-11,,,
C-1892,F-2556,S-389,,,
C-1893,F-2557,S-389,,,
C-1894,F-2562,S-522,,,
C-1895,F-2572,S-273,,,
C-1896,F-2580,S-524,,,
C-1897,F-2614,S-194,,,
C-1898,F-2615,S-432,,,
C-1899,F-2621,S-461,,,
C-1900,F-2641,S-129,,,
C-1901,F-2646,S-526,,,
C-1902,F-2652,S-125,,,
C-1903,F-2660,S-141,,,
C-1904,F-2661,S-281,,,
C-1905,F-2680,S-343,,,
C-1906,F-2681,S-343,,,
C-1907,F-2688,S-329,,,
C-1908,F-2706,S-529,,,
C-1909,F-2722,S-22,,,
C-1910,F-2727,S-176,,,
C-1911,F-2731,S-532,,,
C-1912,F-1353,S-319,,,
C-1913,F-2420,S-500,,,
C-1914,F-304,S-92,,,
C-1915,F-563,S-143,,,
C-1916,F-565,S-144,,,
C-1917,F-531,S-136,,,
C-1918,F-1123,S-257,,,
C-1919,F-1124,S-264,,,
C-1920,F-2404,S-498,,,
C-1921,F-2481,S-465,,,
C-1922,F-2319,S-231,,,
C-1923,F-1283,S-302,,,
C-1924,F-575,S-145,,,
C-1925,F-1401,S-329,,,
C-1926,F-299,S-0,,,
C-1927,F-300,S-0,,,
C-1928,F-301,S-69,,,
C-1929,F-305,S-92,,,
C-1930,F-306,S-86,,,
C-1931,F-307,S-37,,,
C-1932,F-308,S-35,,,
C-1933,F-309,S-35,,,
C-1934,F-312,S-93,,,
C-1935,F-318,S-91,,,
C-1936,F-319,S-90,,,
C-1937,F-320,S-85,,,
C-1938,F-321,S-84,,,
C-1939,F-322,S-77,,,
C-1940,F-323,S-75,,,
C-1941,F-324,S-46,,,
C-1942,F-325,S-46,,,
C-1943,F-327,S-32,,,
C-1944,F-328,S-31,,,
C-1945,F-329,S-31,,,
C-1946,F-330,S-26,,,
C-1947,F-331,S-25,,,
C-1948,F-356,S-21,,,
C-1949,F-357,S-43,,,
C-1950,F-367,S-101,,,
C-1951,F-376,S-104,,,
C-1952,F-383,S-106,,,
C-1953,F-384,S-8,,,
C-1954,F-386,S-40,,,
C-1955,F-390,S-107,,,
C-1956,F-391,S-108,,,
C-1957,F-392,S-107,,,
C-1958,F-402,S-109,,,
C-1959,F-408,S-110,,,
C-1960,F-418,S-112,,,
C-1961,F-424,S-113,,,
C-1962,F-425,S-113,,,
C-1963,F-431,S-114,,,
C-1964,F-439,S-117,,,
C-1965,F-451,S-519,,,
C-1966,F-456,S-121,,,
C-1967,F-461,S-122,,,
C-1968,F-466,S-123,,,
C-1969,F-471,S-124,,,
C-1970,F-477,S-125,,,
C-1971,F-483,S-126,,,
C-1972,F-484,S-126,,,
C-1973,F-492,S-127,,,
C-1974,F-496,S-128,,,
C-1975,F-497,S-121,,,
C-1976,F-514,S-132,,,
C-1977,F-522,S-133,,,
C-1978,F-528,S-134,,,
C-1979,F-534,S-136,,,
C-1980,F-541,S-137,,,
C-1981,F-542,S-137,,,
C-1982,F-550,S-138,,,
C-1983,F-554,S-139,,,
C-1984,F-571,S-144,,,
C-1985,F-589,S-147,,,
C-1986,F-595,S-148,,,
C-1987,F-604,S-150,,,
C-1988,F-620,S-153,,,
C-1989,F-631,S-157,,,
C-1990,F-652,S-162,,,
C-1991,F-664,S-166,,,
C-1992,F-678,S-170,,,
C-1993,F-701,S-174,,,
C-1994,F-705,S-175,,,
C-1995,F-715,S-177,,,
C-1996,F-723,S-179,,,
C-1997,F-753,S-232,,,
C-1998,F-762,S-188,,,
C-1999,F-769,S-189,,,
C-2000,F-773,S-170,,,
C-2001,F-781,S-192,,,
C-2002,F-796,S-195,,,
C-2003,F-814,S-198,,,
C-2004,F-828,S-202,,,
C-2005,F-830,S-203,,,
C-2006,F-835,S-204,,,
C-2007,F-840,S-104,,,
C-2008,F-846,S-205,,,
C-2009,F-853,S-396,,,
C-2010,F-862,S-209,,,
C-2011,F-872,S-211,,,
C-2012,F-886,S-214,,,
C-2013,F-893,S-217,,,
C-2014,F-900,S-485,,,
C-2015,F-906,S-220,,,
C-2016,F-912,S-221,,,
C-2017,F-924,S-223,,,
C-2018,F-925,S-223,,,
C-2019,F-931,S-224,,,
C-2020,F-935,S-225,,,
C-2021,F-949,S-228,,,
C-2022,F-953,S-230,,,
C-2023,F-954,S-154,,,
C-2024,F-955,S-230,,,
C-2025,F-956,S-230,,,
C-2026,F-957,S-214,,,
C-2027,F-962,S-231,,,
C-2028,F-963,S-232,,,
C-2029,F-977,S-232,,,
C-2030,F-1006,S-239,,,
C-2031,F-1018,S-241,,,
C-2032,F-1030,S-245,,,
C-2033,F-1039,S-247,,,
C-2034,F-1048,S-248,,,
C-2035,F-1068,S-253,,,
C-2036,F-1074,S-254,,,
C-2037,F-1083,S-255,,,
C-2038,F-1089,S-256,,,
C-2039,F-1098,S-262,,,
C-2040,F-1104,S-258,,,
C-2041,F-1110,S-259,,,
C-2042,F-1128,S-264,,,
C-2043,F-1137,S-265,,,
C-2044,F-1151,S-269,,,
C-2045,F-1171,S-273,,,
C-2046,F-1175,S-274,,,
C-2047,F-1194,S-279,,,
C-2048,F-1213,S-285,,,
C-2049,F-1220,S-286,,,
C-2050,F-1234,S-290,,,
C-2051,F-1237,S-291,,,
C-2052,F-1276,S-300,,,
C-2053,F-1285,S-302,,,
C-2054,F-1286,S-302,,,
C-2055,F-1291,S-303,,,
C-2056,F-1306,S-306,,,
C-2057,F-1313,S-307,,,
C-2058,F-1328,S-312,,,
C-2059,F-1335,S-510,,,
C-2060,F-1342,S-315,,,
C-2061,F-1345,S-319,,,
C-2062,F-1347,S-317,,,
C-2063,F-1351,S-492,,,
C-2064,F-1357,S-319,,,
C-2065,F-1375,S-322,,,
C-2066,F-1376,S-322,,,
C-2067,F-1414,S-331,,,
C-2068,F-1426,S-333,,,
C-2069,F-1465,S-336,,,
C-2070,F-1472,S-346,,,
C-2071,F-1478,S-347,,,
C-2072,F-1479,S-347,,,
C-2073,F-1480,S-347,,,
C-2074,F-1492,S-350,,,
C-2075,F-1498,S-351,,,
C-2076,F-1511,S-355,,,
C-2077,F-1518,S-357,,,
C-2078,F-1522,S-358,,,
C-2079,F-1527,S-359,,,
C-2080,F-1544,S-363,,,
C-2081,F-1556,S-365,,,
C-2082,F-1561,S-366,,,
C-2083,F-1567,S-367,,,
C-2084,F-1568,S-367,,,
C-2085,F-1576,S-370,,,
C-2086,F-1593,S-373,,,
C-2087,F-1605,S-376,,,
C-2088,F-1615,S-379,,,
C-2089,F-1620,S-380,,,
C-2090,F-1623,S-381,,,
C-2091,F-1633,S-384,,,
C-2092,F-1636,S-42,,,
C-2093,F-1639,S-385,,,
C-2094,F-1644,S-386,,,
C-2095,F-1649,S-387,,,
C-2096,F-1654,S-388,,,
C-2097,F-1657,S-389,,,
C-2098,F-1666,S-391,,,
C-2099,F-1668,S-392,,,
C-2100,F-1673,S-393,,,
C-2101,F-1678,S-394,,,
C-2102,F-1686,S-221,,,
C-2103,F-1690,S-397,,,
C-2104,F-1699,S-399,,,
C-2105,F-1704,S-400,,,
C-2106,F-1705,S-400,,,
C-2107,F-1710,S-401,,,
C-2108,F-1749,S-411,,,
C-2109,F-1752,S-412,,,
C-2110,F-1753,S-413,,,
C-2111,F-1764,S-415,,,
C-2112,F-1766,S-416,,,
C-2113,F-1770,S-417,,,
C-2114,F-1772,S-418,,,
C-2115,F-1777,S-419,,,
C-2116,F-1782,S-420,,,
C-2117,F-1792,S-263,,,
C-2118,F-1795,S-422,,,
C-2119,F-1805,S-47,,,
C-2120,F-1810,S-424,,,
C-2121,F-1819,S-310,,,
C-2122,F-1823,S-426,,,
C-2123,F-1832,S-427,,,
C-2124,F-1837,S-428,,,
C-2125,F-1848,S-431,,,
C-2126,F-1855,S-433,,,
C-2127,F-1856,S-433,,,
C-2128,F-1860,S-434,,,
C-2129,F-1865,S-435,,,
C-2130,F-1868,S-436,,,
C-2131,F-1885,S-439,,,
C-2132,F-1893,S-438,,,
C-2133,F-1896,S-442,,,
C-2134,F-1904,S-445,,,
C-2135,F-1913,S-41,,,
C-2136,F-1918,S-447,,,
C-2137,F-1923,S-448,,,
C-2138,F-1929,S-450,,,
C-2139,F-1934,S-451,,,
C-2140,F-1940,S-475,,,
C-2141,F-1947,S-453,,,
C-2142,F-1949,S-454,,,
C-2143,F-1953,S-455,,,
C-2144,F-1957,S-456,,,
C-2145,F-1971,S-270,,,
C-2146,F-1972,S-270,,,
C-2147,F-1975,S-458,,,
C-2148,F-1981,S-459,,,
C-2149,F-1993,S-460,,,
C-2150,F-2006,S-462,,,
C-2151,F-2014,S-463,,,
C-2152,F-2024,S-464,,,
C-2153,F-2035,S-465,,,
C-2154,F-2053,S-467,,,
C-2155,F-2066,S-468,,,
C-2156,F-2075,S-232,,,
C-2157,F-2078,S-9,,,
C-2158,F-2083,S-469,,,
C-2159,F-2133,S-474,,,
C-2160,F-2134,S-474,,,
C-2161,F-2152,S-454,,,
C-2162,F-2191,S-237,,,
C-2163,F-2200,S-479,,,
C-2164,F-2209,S-480,,,
C-2165,F-2214,S-364,,,
C-2166,F-2223,S-327,,,
C-2167,F-2227,S-57,,,
C-2168,F-2285,S-67,,,
C-2169,F-2303,S-327,,,
C-2170,F-2314,S-484,,,
C-2171,F-2320,S-219,,,
C-2172,F-2323,S-12,,,
C-2173,F-2324,S-336,,,
C-2174,F-2327,S-180,,,
C-2175,F-2329,S-210,,,
C-2176,F-2330,S-210,,,
C-2177,F-2333,S-487,,,
C-2178,F-2338,S-352,,,
C-2179,F-2340,S-489,,,
C-2180,F-2344,S-235,,,
C-2181,F-2346,S-216,,,
C-2182,F-2349,S-491,,,
C-2183,F-2351,S-217,,,
C-2184,F-2356,S-206,,,
C-2185,F-2360,S-318,,,
C-2186,F-2362,S-478,,,
C-2187,F-2366,S-451,,,
C-2188,F-2368,S-299,,,
C-2189,F-2377,S-323,,,
C-2190,F-2378,S-323,,,
C-2191,F-2381,S-483,,,
C-2192,F-2384,S-495,,,
C-2193,F-2388,S-496,,,
C-2194,F-2396,S-74,,,
C-2195,F-2398,S-62,,,
C-2196,F-2409,S-498,,,
C-2197,F-2412,S-23,,,
C-2198,F-2419,S-358,,,
C-2199,F-2429,S-501,,,
C-2200,F-2435,S-328,,,
C-2201,F-2438,S-108,,,
C-2202,F-2442,S-503,,,
C-2203,F-2453,S-505,,,
C-2204,F-2454,S-505,,,
C-2205,F-2458,S-79,,,
C-2206,F-2462,S-368,,,
C-2207,F-2467,S-506,,,
C-2208,F-2470,S-507,,,
C-2209,F-2471,S-507,,,
C-2210,F-2474,S-508,,,
C-2211,F-2475,S-222,,,
C-2212,F-2480,S-509,,,
C-2213,F-2482,S-510,,,
C-2214,F-2487,S-511,,,
C-2215,F-2493,S-512,,,
C-2216,F-2503,S-514,,,
C-2217,F-2505,S-83,,,
C-2218,F-2516,S-517,,,
C-2219,F-2521,S-287,,,
C-2220,F-2523,S-457,,,
C-2221,F-2529,S-518,,,
C-2222,F-2532,S-519,,,
C-2223,F-2533,S-120,,,
C-2224,F-2538,S-160,,,
C-2225,F-2540,S-246,,,
C-2226,F-2545,S-520,,,
C-2227,F-2546,S-520,,,
C-2228,F-2551,S-101,,,
C-2229,F-2555,S-193,,,
C-2230,F-2558,S-195,,,
C-2231,F-2570,S-360,,,
C-2232,F-2571,S-273,,,
C-2233,F-2576,S-375,,,
C-2234,F-2577,S-98,,,
C-2235,F-2585,S-224,,,
C-2236,F-2589,S-93,,,
C-2237,F-2590,S-93,,,
C-2238,F-2591,S-93,,,
C-2239,F-2596,S-297,,,
C-2240,F-2602,S-525,,,
C-2241,F-2604,S-95,,,
C-2242,F-2611,S-250,,,
C-2243,F-2612,S-194,,,
C-2244,F-2619,S-432,,,
C-2245,F-2622,S-461,,,
C-2246,F-2632,S-464,,,
C-2247,F-2633,S-464,,,
C-2248,F-2636,S-94,,,
C-2249,F-2643,S-129,,,
C-2250,F-2645,S-473,,,
C-2251,F-2659,S-141,,,
C-2252,F-2674,S-527,,,
C-2253,F-2675,S-212,,,
C-2254,F-2677,S-393,,,
C-2255,F-2679,S-343,,,
C-2256,F-2683,S-248,,,
C-2257,F-2685,S-301,,,
C-2258,F-2687,S-168,,,
C-2259,F-2697,S-47,,,
C-2260,F-2701,S-186,,,
C-2261,F-2710,S-529,,,
C-2262,F-2717,S-530,,,
C-2263,F-2720,S-531,,,
C-2264,F-2724,S-39,,,
C-2265,F-2725,S-78,,,
C-2266,F-2726,S-173,,,
C-2267,F-2729,S-197,,,
C-2268,F-2393,S-262,,,
C-2269,F-2663,S-281,,,
C-2270,F-1201,S-281,,,
C-2271,F-187,S-61,,,
C-2272,F-4,S-0,,,
C-2273,F-19,S-7,,,
C-2274,F-23,S-8,,,
C-2275,F-46,S-15,,,
C-2276,F-53,S-17,,,
C-2277,F-54,S-17,,,
C-2278,F-55,S-17,,,
C-2279,F-63,S-21,,,
C-2280,F-75,S-25,,,
C-2281,F-80,S-26,,,
C-2282,F-89,S-30,,,
C-2283,F-92,S-31,,,
C-2284,F-96,S-32,,,
C-2285,F-100,S-33,,,
C-2286,F-105,S-35,,,
C-2287,F-110,S-36,,,
C-2288,F-115,S-38,,,
C-2289,F-121,S-40,,,
C-2290,F-127,S-41,,,
C-2291,F-132,S-42,,,
C-2292,F-148,S-48,,,
C-2293,F-153,S-50,,,
C-2294,F-162,S-53,,,
C-2295,F-164,S-54,,,
C-2296,F-174,S-57,,,
C-2297,F-179,S-59,,,
C-2298,F-184,S-60,,,
C-2299,F-191,S-62,,,
C-2300,F-193,S-63,,,
C-2301,F-196,S-64,,,
C-2302,F-199,S-65,,,
C-2303,F-205,S-67,,,
C-2304,F-207,S-68,,,
C-2305,F-213,S-69,,,
C-2306,F-219,S-72,,,
C-2307,F-225,S-74,,,
C-2308,F-226,S-74,,,
C-2309,F-230,S-75,,,
C-2310,F-234,S-76,,,
C-2311,F-241,S-78,,,
C-2312,F-245,S-79,,,
C-2313,F-249,S-80,,,
C-2314,F-251,S-81,,,
C-2315,F-255,S-82,,,
C-2316,F-258,S-83,,,
C-2317,F-264,S-84,,,
C-2318,F-268,S-84,,,
C-2319,F-273,S-85,,,
C-2320,F-276,S-86,,,
C-2321,F-280,S-87,,,
C-2322,F-288,S-89,,,
C-2323,F-292,S-90,,,
C-2324,F-295,S-91,,,
C-2325,F-297,S-9,,,
C-2326,F-314,S-93,,,
C-2327,F-315,S-93,,,
C-2328,F-316,S-93,,,
C-2329,F-333,S-25,,,
C-2330,F-340,S-96,,,
C-2331,F-342,S-97,,,
C-2332,F-345,S-94,,,
C-2333,F-351,S-95,,,
C-2334,F-353,S-99,,,
C-2335,F-358,S-43,,,
C-2336,F-362,S-100,,,
C-2337,F-365,S-101,,,
C-2338,F-375,S-104,,,
C-2339,F-378,S-105,,,
C-2340,F-380,S-106,,,
C-2341,F-394,S-108,,,
C-2342,F-400,S-109,,,
C-2343,F-405,S-110,,,
C-2344,F-417,S-112,,,
C-2345,F-422,S-113,,,
C-2346,F-435,S-115,,,
C-2347,F-446,S-119,,,
C-2348,F-448,S-141,,,
C-2349,F-455,S-121,,,
C-2350,F-459,S-122,,,
C-2351,F-464,S-123,,,
C-2352,F-472,S-124,,,
C-2353,F-474,S-125,,,
C-2354,F-480,S-126,,,
C-2355,F-488,S-127,,,
C-2356,F-495,S-128,,,
C-2357,F-502,S-129,,,
C-2358,F-507,S-212,,,
C-2359,F-510,S-212,,,
C-2360,F-517,S-132,,,
C-2361,F-521,S-133,,,
C-2362,F-525,S-134,,,
C-2363,F-530,S-135,,,
C-2364,F-532,S-136,,,
C-2365,F-539,S-137,,,
C-2366,F-553,S-139,,,
C-2367,F-555,S-422,,,
C-2368,F-559,S-141,,,
C-2369,F-562,S-142,,,
C-2370,F-564,S-143,,,
C-2371,F-568,S-144,,,
C-2372,F-576,S-145,,,
C-2373,F-581,S-146,,,
C-2374,F-585,S-147,,,
C-2375,F-593,S-148,,,
C-2376,F-596,S-149,,,
C-2377,F-602,S-150,,,
C-2378,F-603,S-150,,,
C-2379,F-616,S-152,,,
C-2380,F-623,S-154,,,
C-2381,F-625,S-155,,,
C-2382,F-630,S-157,,,
C-2383,F-634,S-158,,,
C-2384,F-636,S-159,,,
C-2385,F-644,S-161,,,
C-2386,F-650,S-162,,,
C-2387,F-657,S-164,,,
C-2388,F-660,S-165,,,
C-2389,F-663,S-166,,,
C-2390,F-666,S-167,,,
C-2391,F-671,S-169,,,
C-2392,F-683,S-171,,,
C-2393,F-691,S-173,,,
C-2394,F-692,S-173,,,
C-2395,F-697,S-174,,,
C-2396,F-709,S-176,,,
C-2397,F-712,S-177,,,
C-2398,F-718,S-178,,,
C-2399,F-726,S-179,,,
C-2400,F-729,S-180,,,
C-2401,F-735,S-181,,,
C-2402,F-739,S-170,,,
C-2403,F-741,S-518,,,
C-2404,F-743,S-518,,,
C-2405,F-749,S-185,,,
C-2406,F-757,S-187,,,
C-2407,F-766,S-189,,,
C-2408,F-771,S-170,,,
C-2409,F-779,S-192,,,
C-2410,F-788,S-194,,,
C-2411,F-794,S-195,,,
C-2412,F-798,S-196,,,
C-2413,F-805,S-196,,,
C-2414,F-809,S-197,,,
C-2415,F-813,S-198,,,
C-2416,F-818,S-199,,,
C-2417,F-821,S-200,,,
C-2418,F-834,S-204,,,
C-2419,F-839,S-104,,,
C-2420,F-845,S-205,,,
C-2421,F-850,S-206,,,
C-2422,F-861,S-209,,,
C-2423,F-866,S-210,,,
C-2424,F-869,S-211,,,
C-2425,F-884,S-214,,,
C-2426,F-889,S-215,,,
C-2427,F-896,S-218,,,
C-2428,F-905,S-254,,,
C-2429,F-911,S-221,,,
C-2430,F-917,S-222,,,
C-2431,F-923,S-223,,,
C-2432,F-929,S-224,,,
C-2433,F-947,S-228,,,
C-2434,F-961,S-231,,,
C-2435,F-966,S-233,,,
C-2436,F-969,S-232,,,
C-2437,F-976,S-234,,,
C-2438,F-984,S-235,,,
C-2439,F-986,S-236,,,
C-2440,F-993,S-237,,,
C-2441,F-1000,S-238,,,
C-2442,F-1001,S-238,,,
C-2443,F-1012,S-240,,,
C-2444,F-1015,S-241,,,
C-2445,F-1019,S-242,,,
C-2446,F-1020,S-242,,,
C-2447,F-1027,S-244,,,
C-2448,F-1032,S-245,,,
C-2449,F-1035,S-246,,,
C-2450,F-1036,S-246,,,
C-2451,F-1043,S-247,,,
C-2452,F-1046,S-248,,,
C-2453,F-1053,S-249,,,
C-2454,F-1063,S-252,,,
C-2455,F-1067,S-253,,,
C-2456,F-1072,S-254,,,
C-2457,F-1077,S-226,,,
C-2458,F-1082,S-255,,,
C-2459,F-1088,S-256,,,
C-2460,F-1094,S-257,,,
C-2461,F-1103,S-258,,,
C-2462,F-1108,S-259,,,
C-2463,F-1114,S-260,,,
C-2464,F-1118,S-262,,,
C-2465,F-1126,S-264,,,
C-2466,F-1134,S-265,,,
C-2467,F-1150,S-269,,,
C-2468,F-1161,S-271,,,
C-2469,F-1162,S-271,,,
C-2470,F-1170,S-273,,,
C-2471,F-1179,S-528,,,
C-2472,F-1180,S-528,,,
C-2473,F-1188,S-278,,,
C-2474,F-1191,S-279,,,
C-2475,F-1195,S-280,,,
C-2476,F-1197,S-280,,,
C-2477,F-1204,S-282,,,
C-2478,F-1209,S-283,,,
C-2479,F-1214,S-285,,,
C-2480,F-1233,S-290,,,
C-2481,F-1241,S-292,,,
C-2482,F-1244,S-293,,,
C-2483,F-1246,S-294,,,
C-2484,F-1250,S-295,,,
C-2485,F-1251,S-295,,,
C-2486,F-1257,S-296,,,
C-2487,F-1265,S-297,,,
C-2488,F-1267,S-298,,,
C-2489,F-1268,S-298,,,
C-2490,F-1275,S-300,,,
C-2491,F-1280,S-301,,,
C-2492,F-1289,S-303,,,
C-2493,F-1297,S-305,,,
C-2494,F-1298,S-305,,,
C-2495,F-1305,S-488,,,
C-2496,F-1312,S-307,,,
C-2497,F-1315,S-308,,,
C-2498,F-1316,S-308,,,
C-2499,F-1322,S-311,,,
C-2500,F-1324,S-311,,,
C-2501,F-1326,S-312,,,
C-2502,F-1333,S-488,,,
C-2503,F-1341,S-315,,,
C-2504,F-1350,S-317,,,
C-2505,F-1356,S-319,,,
C-2506,F-1360,S-320,,,
C-2507,F-1367,S-322,,,
C-2508,F-1370,S-323,,,
C-2509,F-1378,S-324,,,
C-2510,F-1384,S-326,,,
C-2511,F-1389,S-327,,,
C-2512,F-1394,S-328,,,
C-2513,F-1399,S-329,,,
C-2514,F-1405,S-330,,,
C-2515,F-1412,S-331,,,
C-2516,F-1417,S-332,,,
C-2517,F-1423,S-333,,,
C-2518,F-1430,S-334,,,
C-2519,F-1434,S-336,,,
C-2520,F-1437,S-337,,,
C-2521,F-1454,S-343,,,
C-2522,F-1459,S-344,,,
C-2523,F-1464,S-336,,,
C-2524,F-1470,S-346,,,
C-2525,F-1476,S-347,,,
C-2526,F-1483,S-348,,,
C-2527,F-1487,S-349,,,
C-2528,F-1490,S-350,,,
C-2529,F-1497,S-351,,,
C-2530,F-1502,S-352,,,
C-2531,F-1510,S-355,,,
C-2532,F-1517,S-357,,,
C-2533,F-1525,S-359,,,
C-2534,F-1530,S-359,,,
C-2535,F-1536,S-361,,,
C-2536,F-1541,S-362,,,
C-2537,F-1546,S-363,,,
C-2538,F-1554,S-365,,,
C-2539,F-1558,S-366,,,
C-2540,F-1559,S-366,,,
C-2541,F-1566,S-367,,,
C-2542,F-1574,S-369,,,
C-2543,F-1580,S-370,,,
C-2544,F-1586,S-372,,,
C-2545,F-1590,S-373,,,
C-2546,F-1597,S-374,,,
C-2547,F-1601,S-375,,,
C-2548,F-1610,S-377,,,
C-2549,F-1613,S-378,,,
C-2550,F-1617,S-379,,,
C-2551,F-1627,S-382,,,
C-2552,F-1630,S-383,,,
C-2553,F-1635,S-384,,,
C-2554,F-1641,S-385,,,
C-2555,F-1646,S-386,,,
C-2556,F-1651,S-387,,,
C-2557,F-1658,S-389,,,
C-2558,F-1664,S-390,,,
C-2559,F-1665,S-391,,,
C-2560,F-1670,S-392,,,
C-2561,F-1676,S-393,,,
C-2562,F-1680,S-394,,,
C-2563,F-1683,S-395,,,
C-2564,F-1692,S-397,,,
C-2565,F-1696,S-398,,,
C-2566,F-1701,S-399,,,
C-2567,F-1708,S-401,,,
C-2568,F-1713,S-402,,,
C-2569,F-1725,S-406,,,
C-2570,F-1733,S-407,,,
C-2571,F-1737,S-408,,,
C-2572,F-1741,S-409,,,
C-2573,F-1748,S-411,,,
C-2574,F-1756,S-413,,,
C-2575,F-1763,S-415,,,
C-2576,F-1768,S-416,,,
C-2577,F-1773,S-418,,,
C-2578,F-1778,S-419,,,
C-2579,F-1779,S-419,,,
C-2580,F-1784,S-420,,,
C-2581,F-1794,S-263,,,
C-2582,F-1804,S-423,,,
C-2583,F-1808,S-47,,,
C-2584,F-1813,S-424,,,
C-2585,F-1817,S-425,,,
C-2586,F-1821,S-310,,,
C-2587,F-1825,S-426,,,
C-2588,F-1829,S-11,,,
C-2589,F-1835,S-427,,,
C-2590,F-1839,S-428,,,
C-2591,F-1845,S-430,,,
C-2592,F-1850,S-431,,,
C-2593,F-1862,S-434,,,
C-2594,F-1866,S-435,,,
C-2595,F-1875,S-437,,,
C-2596,F-1880,S-438,,,
C-2597,F-1882,S-438,,,
C-2598,F-1899,S-443,,,
C-2599,F-1906,S-445,,,
C-2600,F-1910,S-446,,,
C-2601,F-1920,S-447,,,
C-2602,F-1931,S-450,,,
C-2603,F-1936,S-451,,,
C-2604,F-1941,S-475,,,
C-2605,F-1944,S-452,,,
C-2606,F-1961,S-457,,,
C-2607,F-1968,S-270,,,
C-2608,F-1969,S-270,,,
C-2609,F-1977,S-458,,,
C-2610,F-1982,S-459,,,
C-2611,F-1991,S-460,,,
C-2612,F-2001,S-461,,,
C-2613,F-2016,S-463,,,
C-2614,F-2023,S-464,,,
C-2615,F-2033,S-465,,,
C-2616,F-2048,S-466,,,
C-2617,F-2049,S-466,,,
C-2618,F-2056,S-467,,,
C-2619,F-2068,S-468,,,
C-2620,F-2085,S-469,,,
C-2621,F-2099,S-471,,,
C-2622,F-2128,S-473,,,
C-2623,F-2155,S-454,,,
C-2624,F-2449,S-505,,,
C-2625,F-2491,S-512,,,
C-2626,F-2495,S-513,,,
C-2627,F-2511,S-516,,,
C-2628,F-2524,S-518,,,
C-2629,F-2527,S-518,,,
C-2630,F-2535,S-120,,,
C-2631,F-2548,S-520,,,
C-2632,F-2566,S-523,,,
C-2633,F-2574,S-273,,,
C-2634,F-2578,S-524,,,
C-2635,F-2587,S-239,,,
C-2636,F-2588,S-239,,,
C-2637,F-2598,S-525,,,
C-2638,F-2610,S-250,,,
C-2639,F-2649,S-526,,,
C-2640,F-2654,S-225,,,
C-2641,F-2668,S-527,,,
C-2642,F-2691,S-329,,,
C-2643,F-2692,S-329,,,
C-2644,F-2702,S-186,,,
C-2645,F-2703,S-46,,,
C-2646,F-2708,S-529,,,
C-2647,F-2715,S-530,,,
C-2648,F-2716,S-530,,,
C-2649,F-2732,S-532,,,
C-2650,F-2468,S-67,,,
C-2651,F-608,S-151,,,
C-2652,F-99,S-33,,,
C-2653,F-235,S-76,,,
C-2654,F-237,S-77,,,
C-2655,F-11,S-4,,,
C-2656,F-15,S-258,,,
C-2657,F-32,S-12,,,
C-2658,F-40,S-14,,,
C-2659,F-44,S-15,,,
C-2660,F-47,S-16,,,
C-2661,F-51,S-17,,,
C-2662,F-57,S-18,,,
C-2663,F-59,S-19,,,
C-2664,F-61,S-20,,,
C-2665,F-65,S-22,,,
C-2666,F-67,S-23,,,
C-2667,F-71,S-35,,,
C-2668,F-108,S-36,,,
C-2669,F-122,S-40,,,
C-2670,F-123,S-40,,,
C-2671,F-130,S-42,,,
C-2672,F-136,S-44,,,
C-2673,F-139,S-45,,,
C-2674,F-141,S-46,,,
C-2675,F-149,S-48,,,
C-2676,F-151,S-49,,,
C-2677,F-159,S-52,,,
C-2678,F-161,S-53,,,
C-2679,F-177,S-58,,,
C-2680,F-181,S-59,,,
C-2681,F-185,S-60,,,
C-2682,F-189,S-62,,,
C-2683,F-209,S-67,,,
C-2684,F-221,S-72,,,
C-2685,F-223,S-73,,,
C-2686,F-229,S-75,,,
C-2687,F-239,S-78,,,
C-2688,F-243,S-79,,,
C-2689,F-253,S-82,,,
C-2690,F-257,S-83,,,
C-2691,F-275,S-86,,,
C-2692,F-278,S-85,,,
C-2693,F-282,S-87,,,
C-2694,F-284,S-87,,,
C-2695,F-335,S-94,,,
C-2696,F-714,S-177,,,
C-2697,F-1141,S-267,,,
C-2698,F-1149,S-269,,,
C-2699,F-1288,S-303,,,
C-2700,F-1441,S-338,,,
C-2701,F-1450,S-35,,,
C-2702,F-1548,S-364,,,
C-2703,F-1717,S-403,,,
C-2704,F-2166,S-351,,,
C-2705,F-2167,S-344,,,
C-2706,F-2169,S-477,,,
C-2707,F-2171,S-230,,,
C-2708,F-2173,S-478,,,
C-2709,F-2193,S-91,,,
C-2710,F-2197,S-479,,,
C-2711,F-2205,S-406,,,
C-2712,F-2207,S-480,,,
C-2713,F-2220,S-123,,,
C-2714,F-2231,S-386,,,
C-2715,F-2234,S-7,,,
C-2716,F-2305,S-272,,,
C-2717,F-2306,S-168,,,
C-2718,F-2315,S-484,,,
C-2719,F-2331,S-487,,,
C-2720,F-2348,S-491,,,
C-2721,F-2359,S-492,,,
C-2722,F-2371,S-494,,,
C-2723,F-2379,S-483,,,
C-2724,F-2386,S-496,,,
C-2725,F-2390,S-212,,,
C-2726,F-2406,S-498,,,
C-2727,F-2407,S-498,,,
C-2728,F-2415,S-499,,,
C-2729,F-2422,S-500,,,
C-2730,F-2425,S-501,,,
C-2731,F-2431,S-502,,,
C-2732,F-2441,S-503,,,
C-2733,F-2444,S-108,,,
C-2734,F-2446,S-504,,,
C-2735,F-2461,S-508,,,
C-2736,F-2464,S-506,,,
C-2737,F-2477,S-509,,,
C-2738,F-2490,S-425,,,
C-2739,F-2492,S-512,,,
C-2740,F-2494,S-513,,,
C-2741,F-2502,S-514,,,
C-2742,F-2506,S-435,,,
C-2743,F-2512,S-516,,,
C-2744,F-2519,S-416,,,
C-2745,F-2525,S-518,,,
C-2746,F-2526,S-518,,,
C-2747,F-2539,S-87,,,
C-2748,F-2549,S-520,,,
C-2749,F-2565,S-523,,,
C-2750,F-2573,S-273,,,
C-2751,F-2597,S-525,,,
C-2752,F-2616,S-432,,,
C-2753,F-2617,S-432,,,
C-2754,F-2623,S-109,,,
C-2755,F-2625,S-139,,,
C-2756,F-2629,S-464,,,
C-2757,F-2630,S-464,,,
C-2758,F-2634,S-221,,,
C-2759,F-2638,S-129,,,
C-2760,F-2651,S-526,,,
C-2761,F-2653,S-125,,,
C-2762,F-2655,S-225,,,
C-2763,F-2662,S-281,,,
C-2764,F-2666,S-463,,,
C-2765,F-2670,S-527,,,
C-2766,F-2671,S-527,,,
C-2767,F-2684,S-248,,,
C-2768,F-2686,S-301,,,
C-2769,F-2693,S-329,,,
C-2770,F-2698,S-528,,,
C-2771,F-2709,S-529,,,
C-2772,F-2451,S-505,,,
C-2773,F-2650,S-526,,,
C-2774,F-2667,S-463,,,
C-2775,F-887,S-214,,,
C-2776,F-6,S-2,,,
C-2777,F-39,S-14,,,
C-2778,F-50,S-17,,,
C-2779,F-156,S-51,,,
C-2780,F-168,S-55,,,
C-2781,F-169,S-53,,,
C-2782,F-1344,S-319,,,
C-2783,F-1365,S-321,,,
C-2784,F-1718,S-403,,,
C-2785,F-2418,S-37,,,
C-2786,F-2620,S-432,,,
C-2787,F-2472,S-459,,,
C-2788,F-2484,S-247,,,
C-2789,F-2498,S-513,,,
C-2790,F-2542,S-422,,,
C-2791,F-2568,S-523,,,
C-2792,F-2575,S-137,,,
C-2793,F-2583,S-524,,,
C-2794,F-2586,S-224,,,
C-2795,F-2601,S-525,,,
C-2796,F-2608,S-355,,,
C-2797,F-2613,S-194,,,
C-2798,F-2627,S-139,,,
C-2799,F-2642,S-129,,,
C-2800,F-1381,S-325,,,
C-2801,F-387,S-40,,,
C-2802,F-2560,S-49,,,
C-2803,F-2563,S-522,,,
C-2804,F-157,S-51,,,
C-2805,F-8,S-2,,,
C-2806,F-14,S-5,,,
C-2807,F-28,S-10,,,
C-2808,F-30,S-11,,,
C-2809,F-34,S-12,,,
C-2810,F-42,S-14,,,
C-2811,F-49,S-16,,,
C-2812,F-69,S-23,,,
C-2813,F-84,S-28,,,
C-2814,F-1432,S-335,,,
C-2815,F-1871,S-436,,,
C-2816,F-2448,S-504,,,
C-2817,F-2436,S-328,,,
C-2818,F-9,S-3,,,
C-2819,F-26,S-10,,,
C-2820,F-86,S-29,,,
C-2821,F-88,S-30,,,
C-2822,F-94,S-31,,,
C-2823,F-126,S-41,,,
C-2824,F-155,S-51,,,
C-2825,F-167,S-55,,,
C-2826,F-171,S-56,,,
C-2827,F-247,S-80,,,
C-2828,F-512,S-131,,,
C-2829,F-761,S-188,,,
C-2830,F-1184,S-276,,,
C-2831,F-1186,S-277,,,
C-2832,F-1216,S-285,,,
C-2833,F-1229,S-289,,,
C-2834,F-1247,S-294,,,
C-2835,F-1337,S-314,,,
C-2836,F-1348,S-317,,,
C-2837,F-1439,S-337,,,
C-2838,F-1513,S-356,,,
C-2839,F-1589,S-373,,,
C-2840,F-1983,S-459,,,
C-2841,F-2647,S-526,,,
C-2842,F-25,S-9,,,
C-2843,F-170,S-56,,,
C-2844,F-2401,S-238,,,
C-2845,F-2402,S-238,,,
C-2846,F-2489,S-254,,,
C-2847,F-2513,S-516,,,
C-2848,F-2514,S-517,,,
C-2849,F-2592,S-338,,,
C-2850,F-2600,S-525,,,
C-2851,F-2603,S-95,,,
C-2852,F-2605,S-211,,,
C-2853,F-2607,S-355,,,
C-2854,F-2626,S-139,,,
C-2855,F-2631,S-464,,,
C-2856,F-2656,S-141,,,
C-2857,F-2665,S-463,,,
C-2858,F-2676,S-212,,,
C-2859,F-2959,S-466,,,
C-2860,F-2960,S-19,,,
C-2861,F-2961,S-92,,,
C-2862,F-2962,S-16,,,
C-2863,F-2963,S-119,,,
C-2864,F-2964,S-233,,,
C-2865,F-2965,S-497,,,
C-2866,F-2966,S-41,,,
C-2867,F-2967,S-229,,,
C-2868,F-2968,S-200,,,